"STATE/UT","CRIME HEAD","2001","2002","2003","2004","2005","2006","2007","2008","2009","2010","2011","2012"
"ANDHRA PRADESH","MURDER",2602,2525,2667,2579,2750,2766,2665,2690,2449,2538,2808,2717
"ARUNACHAL PRADESH","MURDER",83,61,77,67,81,60,68,72,59,75,65,73
"ASSAM","MURDER",1356,1253,1191,1214,1194,1207,1374,1426,1323,1223,1303,1368
"BIHAR","MURDER",3643,3712,3771,3948,3471,3249,3034,3139,3152,3362,3198,3566
"CHHATTISGARH","MURDER",880,844,776,927,1013,1098,1097,1169,1083,1065,1110,998
"GOA","MURDER",36,30,34,40,45,39,33,49,53,35,48,45
"GUJARAT","MURDER",1226,1532,1114,1113,1033,1165,1166,1106,1020,1048,1126,1126
"HARYANA","MURDER",781,760,702,733,784,873,911,921,948,1005,1062,991
"HIMACHAL PRADESH","MURDER",119,123,125,110,110,111,127,129,125,132,130,113
"JAMMU & KASHMIR","MURDER",1075,1048,929,816,647,487,318,237,237,217,169,124
"JHARKHAND","MURDER",1507,1488,1482,1488,1523,1492,1617,1697,1636,1689,1747,1694
"KARNATAKA","MURDER",1626,1627,1506,1519,1609,1627,1538,1698,1702,1805,1820,1860
"KERALA","MURDER",472,454,435,417,388,393,367,362,343,363,365,374
"MADHYA PRADESH","MURDER",2425,2395,2227,2379,2405,2309,2244,2322,2386,2423,2511,2373
"MAHARASHTRA","MURDER",2839,2768,2772,2696,2621,2656,2693,2795,2653,2744,2818,2712
"MANIPUR","MURDER",209,165,150,159,256,205,240,187,131,92,78,83
"MEGHALAYA","MURDER",164,167,175,124,134,157,114,126,128,134,170,137
"MIZORAM","MURDER",31,29,46,35,24,25,43,35,31,48,26,30
"NAGALAND","MURDER",101,100,91,70,87,123,111,143,46,45,46,75
"ODISHA","MURDER",987,1075,1044,1066,1079,1159,1210,1250,1250,1308,1477,1548
"PUNJAB","MURDER",738,733,731,775,713,817,760,769,853,907,842,855
"RAJASTHAN","MURDER",1259,1276,1262,1279,1221,1209,1303,1297,1395,1421,1461,1461
"SIKKIM","MURDER",19,13,14,16,8,21,9,9,19,17,14,7
"TAMIL NADU","MURDER",1662,1723,1591,1479,1440,1363,1633,1759,1776,1875,1877,1949
"TRIPURA","MURDER",240,201,254,189,121,154,138,155,133,150,163,124
"UTTAR PRADESH","MURDER",7601,6825,5284,6126,5711,5480,5000,4564,4534,4401,4951,4966
"UTTARAKHAND","MURDER",316,292,268,262,279,274,268,223,195,176,178,217
"WEST BENGAL","MURDER",1594,1444,1425,1425,1453,1425,1652,1811,2068,2398,2109,2252
"TOTAL (STATES)","MURDER",35591,34663,32143,33051,32200,31944,31733,32140,31728,32696,33672,33838
"A & N ISLANDS","MURDER",13,17,21,15,14,4,15,8,15,9,14,15
"CHANDIGARH","MURDER",15,31,21,22,18,12,19,17,22,21,24,21
"D & N HAVELI","MURDER",3,11,11,11,7,9,10,9,10,6,14,7
"DAMAN & DIU","MURDER",7,8,6,3,5,6,12,2,5,5,6,3
"DELHI","MURDER",547,531,485,481,455,476,495,554,552,565,543,521
"LAKSHADWEEP","MURDER",1,0,0,0,1,0,0,1,0,0,0,0
"PUDUCHERRY","MURDER",25,29,29,25,19,30,34,35,37,33,32,29
"TOTAL (UTs)","MURDER",611,627,573,557,519,537,585,626,641,639,633,596
"TOTAL (ALL-INDIA)","MURDER",36202,35290,32716,33608,32719,32481,32318,32766,32369,33335,34305,34434
"ANDHRA PRADESH","ATTEMPT TO COMMIT MURDER",1555,1644,1678,1908,1724,1860,1885,1942,1859,1953,2229,2183
"ARUNACHAL PRADESH","ATTEMPT TO COMMIT MURDER",53,38,20,45,37,33,29,37,33,34,29,29
"ASSAM","ATTEMPT TO COMMIT MURDER",481,479,485,410,503,414,451,417,417,431,504,670
"BIHAR","ATTEMPT TO COMMIT MURDER",3419,3526,3540,2995,3307,3303,3113,2954,3068,2915,3327,5452
"CHHATTISGARH","ATTEMPT TO COMMIT MURDER",529,453,513,619,660,825,747,736,732,756,747,593
"GOA","ATTEMPT TO COMMIT MURDER",30,20,25,6,15,17,23,25,24,27,22,35
"GUJARAT","ATTEMPT TO COMMIT MURDER",537,759,478,469,452,471,494,487,468,462,478,557
"HARYANA","ATTEMPT TO COMMIT MURDER",467,487,446,441,513,585,592,616,690,836,851,910
"HIMACHAL PRADESH","ATTEMPT TO COMMIT MURDER",75,86,74,77,79,78,57,59,73,74,50,53
"JAMMU & KASHMIR","ATTEMPT TO COMMIT MURDER",1474,1240,1216,1112,905,854,669,570,547,711,494,511
"JHARKHAND","ATTEMPT TO COMMIT MURDER",866,1143,957,1143,1084,1078,1076,1061,1274,1028,718,842
"KARNATAKA","ATTEMPT TO COMMIT MURDER",1475,1576,1241,1387,1406,1484,1251,1475,1607,1850,1837,1923
"KERALA","ATTEMPT TO COMMIT MURDER",615,562,448,391,341,347,402,434,408,361,521,497
"MADHYA PRADESH","ATTEMPT TO COMMIT MURDER",2870,2864,2413,2563,2512,2370,2423,2282,2212,2277,2340,2332
"MAHARASHTRA","ATTEMPT TO COMMIT MURDER",1454,1435,1412,1463,1614,1680,1615,1837,1880,1926,2105,2168
"MANIPUR","ATTEMPT TO COMMIT MURDER",168,160,199,227,252,265,377,498,478,258,245,409
"MEGHALAYA","ATTEMPT TO COMMIT MURDER",47,58,60,42,35,42,49,55,39,60,51,63
"MIZORAM","ATTEMPT TO COMMIT MURDER",15,26,36,21,24,19,21,10,14,27,24,21
"NAGALAND","ATTEMPT TO COMMIT MURDER",39,34,34,33,26,46,50,47,35,35,43,42
"ODISHA","ATTEMPT TO COMMIT MURDER",1151,1372,1214,1197,1279,752,1105,1415,1231,1436,1621,1879
"PUNJAB","ATTEMPT TO COMMIT MURDER",789,728,644,716,723,898,893,956,1014,994,997,1045
"RAJASTHAN","ATTEMPT TO COMMIT MURDER",1923,2043,1977,2030,1920,1694,1772,1649,1673,1557,1566,1538
"SIKKIM","ATTEMPT TO COMMIT MURDER",11,5,7,8,16,16,14,7,7,6,7,7
"TAMIL NADU","ATTEMPT TO COMMIT MURDER",2204,2133,1843,1772,1759,1599,2078,2327,2325,2641,2962,2954
"TRIPURA","ATTEMPT TO COMMIT MURDER",25,38,87,36,56,52,58,53,59,63,75,79
"UTTAR PRADESH","ATTEMPT TO COMMIT MURDER",7964,6283,3793,5580,5637,4997,4424,4233,4141,4004,4653,4811
"UTTARAKHAND","ATTEMPT TO COMMIT MURDER",279,249,236,247,202,215,228,217,185,219,189,161
"WEST BENGAL","ATTEMPT TO COMMIT MURDER",449,413,400,390,434,672,877,1732,2119,2111,2242,2854
"TOTAL (STATES)","ATTEMPT TO COMMIT MURDER",30964,29854,25476,27328,27515,26666,26773,28131,28612,29052,30927,34618
"A & N ISLANDS","ATTEMPT TO COMMIT MURDER",0,3,4,1,3,4,19,11,4,7,6,3
"CHANDIGARH","ATTEMPT TO COMMIT MURDER",10,35,15,19,15,21,26,28,18,30,40,44
"D & N HAVELI","ATTEMPT TO COMMIT MURDER",2,2,5,4,5,0,2,2,5,0,2,2
"DAMAN & DIU","ATTEMPT TO COMMIT MURDER",5,3,3,1,2,3,7,2,4,2,1,5
"DELHI","ATTEMPT TO COMMIT MURDER",510,440,407,519,467,510,530,389,369,311,386,439
"LAKSHADWEEP","ATTEMPT TO COMMIT MURDER",0,0,0,0,0,2,2,0,1,0,1,0
"PUDUCHERRY","ATTEMPT TO COMMIT MURDER",32,43,32,18,24,24,42,35,25,19,22,27
"TOTAL (UTs)","ATTEMPT TO COMMIT MURDER",559,526,466,562,516,564,628,467,426,369,458,520
"TOTAL (ALL-INDIA)","ATTEMPT TO COMMIT MURDER",31523,30380,25942,27890,28031,27230,27401,28598,29038,29421,31385,35138
"ANDHRA PRADESH","C.H. NOT AMOUNTING TO MURDER",136,165,147,163,111,123,135,165,134,155,171,158
"ARUNACHAL PRADESH","C.H. NOT AMOUNTING TO MURDER",3,6,3,1,5,3,2,2,5,3,2,1
"ASSAM","C.H. NOT AMOUNTING TO MURDER",40,55,48,63,117,32,109,71,35,46,48,54
"BIHAR","C.H. NOT AMOUNTING TO MURDER",250,396,298,280,259,326,257,386,243,344,348,285
"CHHATTISGARH","C.H. NOT AMOUNTING TO MURDER",45,24,51,25,41,15,26,18,19,30,28,26
"GOA","C.H. NOT AMOUNTING TO MURDER",5,4,6,5,5,1,7,11,11,3,6,3
"GUJARAT","C.H. NOT AMOUNTING TO MURDER",94,13,29,27,27,24,21,35,30,44,43,43
"HARYANA","C.H. NOT AMOUNTING TO MURDER",78,89,76,65,57,59,72,92,78,63,60,68
"HIMACHAL PRADESH","C.H. NOT AMOUNTING TO MURDER",11,6,5,12,22,20,9,5,13,12,6,9
"JAMMU & KASHMIR","C.H. NOT AMOUNTING TO MURDER",33,31,29,29,37,40,23,31,23,26,29,16
"JHARKHAND","C.H. NOT AMOUNTING TO MURDER",143,115,109,115,87,97,92,112,104,82,83,92
"KARNATAKA","C.H. NOT AMOUNTING TO MURDER",74,55,58,57,80,68,55,81,79,94,85,71
"KERALA","C.H. NOT AMOUNTING TO MURDER",111,210,343,473,88,87,92,95,100,86,105,107
"MADHYA PRADESH","C.H. NOT AMOUNTING TO MURDER",125,194,203,188,134,138,155,204,117,123,139,114
"MAHARASHTRA","C.H. NOT AMOUNTING TO MURDER",101,93,113,115,98,100,113,111,98,152,144,171
"MANIPUR","C.H. NOT AMOUNTING TO MURDER",5,3,6,3,4,4,2,4,2,1,4,4
"MEGHALAYA","C.H. NOT AMOUNTING TO MURDER",2,3,17,7,2,8,8,6,12,8,3,8
"MIZORAM","C.H. NOT AMOUNTING TO MURDER",5,5,3,2,5,7,4,6,8,7,8,7
"NAGALAND","C.H. NOT AMOUNTING TO MURDER",9,5,8,5,8,8,8,13,7,13,11,6
"ODISHA","C.H. NOT AMOUNTING TO MURDER",53,58,188,25,48,36,22,84,48,31,51,54
"PUNJAB","C.H. NOT AMOUNTING TO MURDER",80,79,89,148,216,165,170,146,129,120,112,104
"RAJASTHAN","C.H. NOT AMOUNTING TO MURDER",63,68,61,59,59,79,64,54,80,104,100,98
"SIKKIM","C.H. NOT AMOUNTING TO MURDER",7,2,3,3,2,2,3,3,3,2,8,0
"TAMIL NADU","C.H. NOT AMOUNTING TO MURDER",19,36,28,26,28,20,28,28,26,32,28,44
"TRIPURA","C.H. NOT AMOUNTING TO MURDER",0,1,0,0,1,1,2,2,2,8,0,2
"UTTAR PRADESH","C.H. NOT AMOUNTING TO MURDER",1186,1243,1525,1436,1520,1543,1616,1493,1439,1401,1454,1410
"UTTARAKHAND","C.H. NOT AMOUNTING TO MURDER",38,47,31,29,30,40,50,40,51,60,54,44
"WEST BENGAL","C.H. NOT AMOUNTING TO MURDER",581,540,484,468,408,401,394,488,931,630,486,522
"TOTAL (STATES)","C.H. NOT AMOUNTING TO MURDER",3297,3546,3961,3829,3499,3447,3539,3786,3827,3680,3616,3521
"A & N ISLANDS","C.H. NOT AMOUNTING TO MURDER",0,1,1,2,3,1,1,2,4,4,2,0
"CHANDIGARH","C.H. NOT AMOUNTING TO MURDER",6,7,2,10,4,8,8,6,8,9,6,5
"D & N HAVELI","C.H. NOT AMOUNTING TO MURDER",0,0,0,0,0,1,0,0,1,1,0,0
"DAMAN & DIU","C.H. NOT AMOUNTING TO MURDER",0,0,0,0,0,0,0,0,1,1,0,0
"DELHI","C.H. NOT AMOUNTING TO MURDER",63,68,65,80,64,75,94,66,84,71,71,82
"LAKSHADWEEP","C.H. NOT AMOUNTING TO MURDER",0,0,0,0,0,0,0,0,0,0,0,0
"PUDUCHERRY","C.H. NOT AMOUNTING TO MURDER",1,2,0,14,8,3,2,3,5,16,12,12
"TOTAL (UTs)","C.H. NOT AMOUNTING TO MURDER",70,78,68,106,79,88,105,77,103,102,91,99
"TOTAL (ALL-INDIA)","C.H. NOT AMOUNTING TO MURDER",3367,3624,4029,3935,3578,3535,3644,3863,3930,3782,3707,3620
"ANDHRA PRADESH","RAPE",871,1002,946,1016,935,1049,1070,1257,1188,1362,1442,1341
"ARUNACHAL PRADESH","RAPE",33,38,31,42,35,37,48,42,59,47,42,46
"ASSAM","RAPE",817,970,1095,1171,1238,1244,1437,1438,1631,1721,1700,1716
"BIHAR","RAPE",888,1040,985,1390,1147,1232,1555,1302,929,795,934,927
"CHHATTISGARH","RAPE",959,992,898,969,990,995,982,978,976,1012,1053,1034
"GOA","RAPE",12,12,31,37,20,21,20,30,47,36,29,55
"GUJARAT","RAPE",286,267,236,339,324,354,316,374,433,408,439,473
"HARYANA","RAPE",398,361,353,386,461,608,488,631,603,720,733,668
"HIMACHAL PRADESH","RAPE",124,137,126,153,141,113,159,157,183,160,168,183
"JAMMU & KASHMIR","RAPE",169,192,211,218,201,250,288,219,237,245,277,303
"JHARKHAND","RAPE",567,797,712,797,753,799,855,791,719,773,784,812
"KARNATAKA","RAPE",293,292,321,291,343,400,436,446,509,586,636,621
"KERALA","RAPE",562,499,394,480,478,601,512,568,568,634,1132,1019
"MADHYA PRADESH","RAPE",2851,2891,2738,2875,2921,2900,3010,2937,2998,3135,3406,3425
"MAHARASHTRA","RAPE",1302,1352,1268,1388,1545,1500,1451,1558,1483,1599,1701,1839
"MANIPUR","RAPE",20,14,18,31,25,40,20,38,31,34,53,63
"MEGHALAYA","RAPE",26,38,40,54,63,74,82,88,112,149,130,164
"MIZORAM","RAPE",52,76,54,20,37,72,83,77,83,92,77,103
"NAGALAND","RAPE",17,17,14,18,17,23,13,19,22,16,23,21
"ODISHA","RAPE",790,691,725,770,799,985,939,1113,1023,1025,1112,1458
"PUNJAB","RAPE",298,299,380,390,398,442,519,517,511,546,479,680
"RAJASTHAN","RAPE",1049,1051,1050,1038,993,1085,1238,1355,1519,1571,1800,2049
"SIKKIM","RAPE",8,6,10,3,18,20,24,20,18,18,16,34
"TAMIL NADU","RAPE",423,534,557,618,571,457,523,573,596,686,677,737
"TRIPURA","RAPE",102,108,114,160,162,189,157,204,190,238,205,229
"UTTAR PRADESH","RAPE",1958,1415,911,1397,1217,1314,1648,1871,1759,1563,2042,1963
"UTTARAKHAND","RAPE",74,89,107,115,133,147,117,87,111,121,129,148
"WEST BENGAL","RAPE",709,759,1002,1475,1686,1731,2106,2263,2336,2311,2363,2046
"TOTAL (STATES)","RAPE",15658,15939,15327,17641,17651,18682,20096,20953,20874,21603,23582,24157
"A & N ISLANDS","RAPE",3,2,2,10,4,6,3,12,18,24,13,12
"CHANDIGARH","RAPE",18,18,18,19,33,19,22,20,29,31,27,27
"D & N HAVELI","RAPE",6,4,1,7,5,6,7,6,4,3,4,3
"DAMAN & DIU","RAPE",0,0,5,1,2,3,1,0,1,1,1,5
"DELHI","RAPE",381,403,490,551,658,623,598,466,469,507,572,706
"LAKSHADWEEP","RAPE",0,1,2,0,0,0,1,2,1,0,0,0
"PUDUCHERRY","RAPE",9,6,2,4,6,9,9,8,1,3,7,13
"TOTAL (UTs)","RAPE",417,434,520,592,708,666,641,514,523,569,624,766
"TOTAL (ALL-INDIA)","RAPE",16075,16373,15847,18233,18359,19348,20737,21467,21397,22172,24206,24923
"ANDHRA PRADESH","KIDNAPPING and ABDUCTION",1182,1302,1485,1526,1612,2030,2097,1970,1958,2053,2154,1870
"ARUNACHAL PRADESH","KIDNAPPING and ABDUCTION",83,57,68,65,58,75,68,79,62,67,93,82
"ASSAM","KIDNAPPING and ABDUCTION",1480,1595,1628,1906,1751,1825,1971,2239,2718,3250,3764,3812
"BIHAR","KIDNAPPING and ABDUCTION",2159,2361,2427,3413,2693,2619,2530,3047,3222,3674,4268,4807
"CHHATTISGARH","KIDNAPPING and ABDUCTION",207,178,177,214,246,239,244,273,286,359,472,450
"GOA","KIDNAPPING and ABDUCTION",9,9,14,13,17,16,12,36,33,25,28,24
"GUJARAT","KIDNAPPING and ABDUCTION",998,1015,1044,1133,1164,1128,1312,1323,1348,1447,1614,1720
"HARYANA","KIDNAPPING and ABDUCTION",449,427,388,423,492,635,801,854,916,963,959,1349
"HIMACHAL PRADESH","KIDNAPPING and ABDUCTION",126,138,113,123,118,130,171,151,150,194,212,172
"JAMMU & KASHMIR","KIDNAPPING and ABDUCTION",606,674,712,735,748,789,758,704,873,896,1077,1093
"JHARKHAND","KIDNAPPING and ABDUCTION",441,468,487,468,621,635,762,792,827,978,941,1056
"KARNATAKA","KIDNAPPING and ABDUCTION",559,645,531,592,589,563,680,758,892,1374,1395,1451
"KERALA","KIDNAPPING and ABDUCTION",183,162,189,232,226,294,255,253,256,261,299,281
"MADHYA PRADESH","KIDNAPPING and ABDUCTION",956,964,887,832,847,808,922,929,1036,1187,1288,1302
"MAHARASHTRA","KIDNAPPING and ABDUCTION",985,953,926,1045,1194,1261,1312,1379,1286,1508,1669,1583
"MANIPUR","KIDNAPPING and ABDUCTION",94,157,120,128,106,130,150,176,159,199,169,223
"MEGHALAYA","KIDNAPPING and ABDUCTION",55,52,49,54,48,57,52,56,56,71,87,92
"MIZORAM","KIDNAPPING and ABDUCTION",2,7,8,15,13,6,4,9,9,9,6,8
"NAGALAND","KIDNAPPING and ABDUCTION",23,27,38,23,26,31,17,44,52,50,34,27
"ODISHA","KIDNAPPING and ABDUCTION",522,523,477,526,641,704,801,908,930,1016,1139,1542
"PUNJAB","KIDNAPPING and ABDUCTION",513,551,464,463,478,591,760,718,692,789,681,919
"RAJASTHAN","KIDNAPPING and ABDUCTION",2718,2587,2238,2384,1993,1970,2177,2358,2870,2985,3204,3243
"SIKKIM","KIDNAPPING and ABDUCTION",6,9,0,5,3,8,9,4,6,6,10,10
"TAMIL NADU","KIDNAPPING and ABDUCTION",952,1001,879,870,1029,906,1270,1375,1372,1720,1984,1945
"TRIPURA","KIDNAPPING and ABDUCTION",93,128,146,99,85,105,113,146,121,114,154,139
"UTTAR PRADESH","KIDNAPPING and ABDUCTION",4330,3430,2208,3337,2955,3318,4478,5428,6083,6321,8500,8878
"UTTARAKHAND","KIDNAPPING and ABDUCTION",183,198,171,213,203,212,253,247,275,286,314,297
"WEST BENGAL","KIDNAPPING and ABDUCTION",875,831,902,1200,1207,1355,1800,2332,2750,3345,4285,5117
"TOTAL (STATES)","KIDNAPPING and ABDUCTION",20789,20449,18776,22037,21163,22440,25779,28588,31238,35147,40800,43492
"A & N ISLANDS","KIDNAPPING and ABDUCTION",2,2,2,3,2,5,12,17,16,10,15,8
"CHANDIGARH","KIDNAPPING and ABDUCTION",56,54,32,54,54,65,52,50,40,38,58,87
"D & N HAVELI","KIDNAPPING and ABDUCTION",4,9,7,12,13,18,9,17,12,18,9,13
"DAMAN & DIU","KIDNAPPING and ABDUCTION",5,3,1,2,4,3,1,4,0,2,3,3
"DELHI","KIDNAPPING and ABDUCTION",1627,1323,1156,1209,1590,1442,1688,1567,2536,3208,3767,3970
"LAKSHADWEEP","KIDNAPPING and ABDUCTION",0,0,0,0,0,0,0,1,0,0,0,0
"PUDUCHERRY","KIDNAPPING and ABDUCTION",4,10,18,10,6,18,20,17,18,17,12,19
"TOTAL (UTs)","KIDNAPPING and ABDUCTION",1698,1401,1216,1290,1669,1551,1782,1673,2622,3293,3864,4100
"TOTAL (ALL-INDIA)","KIDNAPPING and ABDUCTION",22487,21850,19992,23327,22832,23991,27561,30261,33860,38440,44664,47592
"ANDHRA PRADESH","DACOITY",214,197,176,199,250,178,170,110,102,134,126,131
"ARUNACHAL PRADESH","DACOITY",22,22,37,30,23,28,16,14,20,15,13,20
"ASSAM","DACOITY",532,473,471,360,334,319,299,312,251,248,305,266
"BIHAR","DACOITY",1291,1289,1221,1319,1212,1001,686,686,654,644,556,540
"CHHATTISGARH","DACOITY",87,144,140,106,204,160,115,124,134,122,68,64
"GOA","DACOITY",7,5,5,5,2,7,7,3,4,2,2,6
"GUJARAT","DACOITY",327,804,338,360,282,290,245,256,246,186,221,287
"HARYANA","DACOITY",77,61,63,52,88,104,139,120,153,147,167,204
"HIMACHAL PRADESH","DACOITY",4,0,8,1,6,7,5,6,4,2,1,1
"JAMMU & KASHMIR","DACOITY",24,42,23,28,13,10,18,3,1,6,14,6
"JHARKHAND","DACOITY",636,580,702,580,592,536,524,416,412,335,309,284
"KARNATAKA","DACOITY",178,178,220,177,208,202,178,270,273,272,214,211
"KERALA","DACOITY",176,137,142,129,110,129,121,91,112,74,71,72
"MADHYA PRADESH","DACOITY",166,136,153,147,147,151,143,160,117,110,118,107
"MAHARASHTRA","DACOITY",529,548,514,629,641,663,716,811,780,778,773,793
"MANIPUR","DACOITY",20,3,3,2,4,2,3,1,1,0,1,8
"MEGHALAYA","DACOITY",97,64,83,91,81,57,55,63,64,42,49,52
"MIZORAM","DACOITY",3,5,5,10,3,7,0,4,2,3,1,2
"NAGALAND","DACOITY",11,21,19,14,12,16,7,6,8,3,7,1
"ODISHA","DACOITY",199,246,178,238,184,239,247,305,380,346,417,402
"PUNJAB","DACOITY",45,50,30,17,27,35,37,40,38,65,28,48
"RAJASTHAN","DACOITY",60,47,36,58,41,37,71,64,53,37,28,31
"SIKKIM","DACOITY",0,0,2,0,2,0,0,1,0,1,0,0
"TAMIL NADU","DACOITY",158,176,95,72,73,95,88,100,97,85,101,97
"TRIPURA","DACOITY",26,29,36,27,22,18,14,13,7,16,11,7
"UTTAR PRADESH","DACOITY",905,552,317,378,286,218,437,313,365,337,379,322
"UTTARAKHAND","DACOITY",32,32,26,37,48,31,46,16,35,12,13,29
"WEST BENGAL","DACOITY",274,204,217,212,211,177,146,184,214,288,236,279
"TOTAL (STATES)","DACOITY",6100,6045,5260,5278,5106,4717,4533,4492,4527,4310,4229,4270
"A & N ISLANDS","DACOITY",0,1,2,0,0,0,5,0,0,1,1,5
"CHANDIGARH","DACOITY",5,1,3,0,0,1,2,1,4,5,6,3
"D & N HAVELI","DACOITY",0,3,4,3,3,5,1,1,9,2,7,2
"DAMAN & DIU","DACOITY",0,2,4,0,4,8,3,2,0,6,4,1
"DELHI","DACOITY",48,47,28,30,27,14,34,24,36,32,33,28
"LAKSHADWEEP","DACOITY",0,0,0,0,0,0,0,0,3,0,0,0
"PUDUCHERRY","DACOITY",1,2,2,0,1,2,1,10,7,2,5,5
"TOTAL (UTs)","DACOITY",54,56,43,33,35,30,46,38,59,48,56,44
"TOTAL (ALL-INDIA)","DACOITY",6154,6101,5303,5311,5141,4747,4579,4530,4586,4358,4285,4314
"ANDHRA PRADESH","PREPARATION AND ASSEMBLY FOR DACOITY",9,3,5,2,4,3,6,11,27,2,7,1
"ARUNACHAL PRADESH","PREPARATION AND ASSEMBLY FOR DACOITY",2,0,0,2,0,0,0,0,0,0,0,0
"ASSAM","PREPARATION AND ASSEMBLY FOR DACOITY",14,18,26,31,22,12,12,74,21,12,4,7
"BIHAR","PREPARATION AND ASSEMBLY FOR DACOITY",147,141,120,145,165,140,78,60,64,46,105,54
"CHHATTISGARH","PREPARATION AND ASSEMBLY FOR DACOITY",19,6,14,8,25,24,13,17,16,15,7,4
"GOA","PREPARATION AND ASSEMBLY FOR DACOITY",0,0,0,0,0,0,0,0,0,0,0,0
"GUJARAT","PREPARATION AND ASSEMBLY FOR DACOITY",19,12,14,15,15,12,10,14,11,18,24,19
"HARYANA","PREPARATION AND ASSEMBLY FOR DACOITY",141,162,190,145,138,224,266,257,297,248,176,176
"HIMACHAL PRADESH","PREPARATION AND ASSEMBLY FOR DACOITY",0,1,0,0,0,0,0,0,0,0,0,0
"JAMMU & KASHMIR","PREPARATION AND ASSEMBLY FOR DACOITY",0,0,0,0,0,0,0,0,0,0,0,0
"JHARKHAND","PREPARATION AND ASSEMBLY FOR DACOITY",48,55,37,55,49,45,40,50,53,19,40,33
"KARNATAKA","PREPARATION AND ASSEMBLY FOR DACOITY",36,66,65,109,119,247,242,248,346,300,399,536
"KERALA","PREPARATION AND ASSEMBLY FOR DACOITY",13,4,19,15,158,125,157,267,266,221,245,289
"MADHYA PRADESH","PREPARATION AND ASSEMBLY FOR DACOITY",130,142,141,134,130,121,109,124,156,110,117,127
"MAHARASHTRA","PREPARATION AND ASSEMBLY FOR DACOITY",328,271,249,315,307,323,405,274,287,285,291,322
"MANIPUR","PREPARATION AND ASSEMBLY FOR DACOITY",17,8,0,2,0,27,146,212,188,196,154,171
"MEGHALAYA","PREPARATION AND ASSEMBLY FOR DACOITY",3,2,1,2,1,4,1,0,1,1,0,1
"MIZORAM","PREPARATION AND ASSEMBLY FOR DACOITY",0,0,0,0,0,0,0,0,0,0,0,0
"NAGALAND","PREPARATION AND ASSEMBLY FOR DACOITY",0,0,0,0,0,0,0,0,0,0,0,0
"ODISHA","PREPARATION AND ASSEMBLY FOR DACOITY",22,30,30,0,50,76,42,67,63,117,84,99
"PUNJAB","PREPARATION AND ASSEMBLY FOR DACOITY",84,83,117,79,103,90,92,122,96,143,143,184
"RAJASTHAN","PREPARATION AND ASSEMBLY FOR DACOITY",40,33,41,46,79,97,81,77,57,84,72,74
"SIKKIM","PREPARATION AND ASSEMBLY FOR DACOITY",0,0,0,0,0,0,0,0,0,0,0,0
"TAMIL NADU","PREPARATION AND ASSEMBLY FOR DACOITY",6,25,43,54,0,4,33,66,34,12,11,19
"TRIPURA","PREPARATION AND ASSEMBLY FOR DACOITY",0,0,0,2,0,1,2,3,0,2,0,0
"UTTAR PRADESH","PREPARATION AND ASSEMBLY FOR DACOITY",38,59,196,98,89,86,82,76,59,48,39,68
"UTTARAKHAND","PREPARATION AND ASSEMBLY FOR DACOITY",3,6,3,1,0,2,6,2,7,2,1,3
"WEST BENGAL","PREPARATION AND ASSEMBLY FOR DACOITY",421,646,883,943,1221,1263,1150,1055,724,687,939,875
"TOTAL (STATES)","PREPARATION AND ASSEMBLY FOR DACOITY",1540,1773,2194,2203,2675,2926,2973,3076,2773,2568,2858,3062
"A & N ISLANDS","PREPARATION AND ASSEMBLY FOR DACOITY",0,0,0,0,0,0,0,0,0,0,0,0
"CHANDIGARH","PREPARATION AND ASSEMBLY FOR DACOITY",0,1,1,2,2,3,0,4,3,6,2,9
"D & N HAVELI","PREPARATION AND ASSEMBLY FOR DACOITY",0,0,0,0,0,0,0,0,0,0,0,0
"DAMAN & DIU","PREPARATION AND ASSEMBLY FOR DACOITY",0,0,0,0,0,0,1,0,0,0,0,0
"DELHI","PREPARATION AND ASSEMBLY FOR DACOITY",74,67,107,135,157,200,229,134,69,31,25,13
"LAKSHADWEEP","PREPARATION AND ASSEMBLY FOR DACOITY",0,0,0,0,0,0,0,0,0,0,0,0
"PUDUCHERRY","PREPARATION AND ASSEMBLY FOR DACOITY",0,0,0,0,0,0,2,3,5,10,10,15
"TOTAL (UTs)","PREPARATION AND ASSEMBLY FOR DACOITY",74,68,108,137,159,203,232,141,77,47,37,37
"TOTAL (ALL-INDIA)","PREPARATION AND ASSEMBLY FOR DACOITY",1614,1841,2302,2340,2834,3129,3205,3217,2850,2615,2895,3099
"ANDHRA PRADESH","ROBBERY",629,648,660,596,794,679,614,623,544,550,600,668
"ARUNACHAL PRADESH","ROBBERY",84,96,60,45,77,74,75,79,55,69,64,65
"ASSAM","ROBBERY",687,607,523,505,451,544,496,568,680,662,837,907
"BIHAR","ROBBERY",2203,2288,2463,2986,2374,2169,1787,1592,1619,1538,1381,1266
"CHHATTISGARH","ROBBERY",338,326,331,363,401,439,427,500,554,552,470,412
"GOA","ROBBERY",25,24,21,18,28,17,22,23,30,39,26,25
"GUJARAT","ROBBERY",991,1098,1267,1136,966,970,1095,1322,1420,1384,1368,1366
"HARYANA","ROBBERY",397,330,281,244,390,410,502,555,679,734,638,711
"HIMACHAL PRADESH","ROBBERY",28,18,19,25,22,29,23,20,21,11,10,10
"JAMMU & KASHMIR","ROBBERY",161,163,154,129,116,112,111,67,69,61,88,81
"JHARKHAND","ROBBERY",647,780,864,780,732,779,771,761,780,709,614,494
"KARNATAKA","ROBBERY",847,972,861,1024,1202,1349,1313,1615,1825,1949,2123,2207
"KERALA","ROBBERY",517,610,634,639,621,691,869,816,830,636,741,725
"MADHYA PRADESH","ROBBERY",1764,1829,1578,1526,1557,1770,1975,2234,2270,1919,1952,1940
"MAHARASHTRA","ROBBERY",2239,2136,2096,2229,2411,2574,2770,3031,3314,3721,4249,6949
"MANIPUR","ROBBERY",19,6,6,3,8,8,11,7,3,2,7,3
"MEGHALAYA","ROBBERY",125,109,133,81,95,65,56,65,67,67,63,46
"MIZORAM","ROBBERY",23,7,21,6,6,10,5,6,4,16,6,4
"NAGALAND","ROBBERY",129,110,92,117,80,84,75,87,92,63,59,54
"ODISHA","ROBBERY",958,945,875,952,998,1184,1273,1345,1488,1491,1583,1613
"PUNJAB","ROBBERY",131,110,108,86,85,142,138,167,171,241,236,213
"RAJASTHAN","ROBBERY",889,734,655,673,590,631,778,829,886,872,727,807
"SIKKIM","ROBBERY",3,5,3,5,4,9,6,7,4,7,5,6
"TAMIL NADU","ROBBERY",672,653,514,464,437,450,495,662,1144,1817,2066,1898
"TRIPURA","ROBBERY",63,56,69,46,61,71,64,95,77,65,50,60
"UTTAR PRADESH","ROBBERY",3825,2840,1988,2606,2049,2024,2169,2097,2285,2577,3148,3159
"UTTARAKHAND","ROBBERY",191,177,160,165,159,157,173,144,179,162,179,144
"WEST BENGAL","ROBBERY",660,544,598,535,426,426,427,613,751,798,760,816
"TOTAL (STATES)","ROBBERY",19245,18221,17034,17984,17140,17867,18520,19930,21841,22712,24050,26649
"A & N ISLANDS","ROBBERY",4,7,7,3,4,5,9,14,11,7,1,2
"CHANDIGARH","ROBBERY",22,26,12,6,12,34,37,23,27,67,68,63
"D & N HAVELI","ROBBERY",2,1,6,2,2,5,3,0,2,3,2,2
"DAMAN & DIU","ROBBERY",0,1,1,1,0,1,2,4,4,0,6,3
"DELHI","ROBBERY",624,502,441,461,510,541,557,541,515,599,562,608
"LAKSHADWEEP","ROBBERY",0,0,0,0,0,0,0,0,0,0,0,0
"PUDUCHERRY","ROBBERY",4,6,11,1,5,3,8,10,9,5,11,16
"TOTAL (UTs)","ROBBERY",656,543,478,474,533,589,616,592,568,681,650,694
"TOTAL (ALL-INDIA)","ROBBERY",19901,18764,17512,18458,17673,18456,19136,20522,22409,23393,24700,27343
"ANDHRA PRADESH","BURGLARY",7220,7628,9050,8457,7954,8304,7677,8332,7772,8200,8300,8442
"ARUNACHAL PRADESH","BURGLARY",248,249,253,215,263,257,240,245,201,211,183,215
"ASSAM","BURGLARY",2423,2504,2606,2544,2255,2911,2603,3147,3149,3458,3327,3825
"BIHAR","BURGLARY",3233,3188,2986,3175,3117,3531,3259,3414,3566,3437,3629,3758
"CHHATTISGARH","BURGLARY",4144,3731,3621,3720,3621,3507,3632,4112,3975,3711,3548,3334
"GOA","BURGLARY",359,376,257,261,265,252,292,302,294,368,318,356
"GUJARAT","BURGLARY",5142,5327,5844,5828,5332,5530,4870,5053,4488,4071,4509,4695
"HARYANA","BURGLARY",3109,3048,2981,2786,3437,4001,4231,4249,4077,4445,5011,5129
"HIMACHAL PRADESH","BURGLARY",844,710,707,766,696,754,877,885,784,743,995,928
"JAMMU & KASHMIR","BURGLARY",1345,1321,1526,1420,1397,1351,1460,1347,1566,1406,1516,1395
"JHARKHAND","BURGLARY",1266,1419,1468,1419,1610,1428,1495,1375,1392,1357,1235,1216
"KARNATAKA","BURGLARY",6394,6480,6055,6093,5986,5967,5449,6258,6629,6059,6136,5792
"KERALA","BURGLARY",4474,4624,4409,4580,4110,4245,4100,3882,3554,2682,3001,2710
"MADHYA PRADESH","BURGLARY",13549,13344,12884,12308,11192,10960,11230,11072,10661,9897,10230,10019
"MAHARASHTRA","BURGLARY",15073,14471,13892,14659,15615,15877,15607,16004,15841,16617,16313,15648
"MANIPUR","BURGLARY",75,44,68,66,62,55,70,76,68,66,52,53
"MEGHALAYA","BURGLARY",170,154,160,142,148,140,203,168,147,166,145,145
"MIZORAM","BURGLARY",417,446,487,250,442,422,457,338,381,425,336,347
"NAGALAND","BURGLARY",163,128,95,70,93,70,118,127,82,62,73,65
"ODISHA","BURGLARY",3093,2884,2961,2992,3029,3120,3073,3100,2937,2855,3031,3430
"PUNJAB","BURGLARY",1902,1928,2094,1766,1933,2277,2616,2621,2507,2661,2488,2828
"RAJASTHAN","BURGLARY",7284,6661,6072,5911,5227,5085,5164,4736,5294,4714,4510,4610
"SIKKIM","BURGLARY",76,66,48,64,85,84,83,81,93,72,60,65
"TAMIL NADU","BURGLARY",5965,5533,4849,4147,3738,3300,3717,3849,4221,4715,4848,4457
"TRIPURA","BURGLARY",198,192,167,166,170,182,193,218,231,221,227,239
"UTTAR PRADESH","BURGLARY",8411,6126,4016,5299,4556,4577,5057,5418,5260,4915,5765,6187
"UTTARAKHAND","BURGLARY",533,554,557,566,521,470,548,423,363,310,342,391
"WEST BENGAL","BURGLARY",426,348,342,547,739,601,399,462,329,388,455,464
"TOTAL (STATES)","BURGLARY",97536,93484,90455,90217,87593,89258,88720,91294,89862,88232,90583,90743
"A & N ISLANDS","BURGLARY",64,49,56,69,68,82,90,78,86,80,99,71
"CHANDIGARH","BURGLARY",364,336,204,186,223,189,191,257,241,236,285,235
"D & N HAVELI","BURGLARY",34,38,41,20,25,41,28,49,43,25,22,22
"DAMAN & DIU","BURGLARY",43,56,41,35,37,60,46,45,33,27,31,26
"DELHI","BURGLARY",3029,2360,1898,1875,2093,1950,2055,1926,1733,1502,1419,1715
"LAKSHADWEEP","BURGLARY",1,9,6,2,2,2,2,3,1,5,0,3
"PUDUCHERRY","BURGLARY",111,129,126,86,67,84,86,90,71,72,65,77
"TOTAL (UTs)","BURGLARY",3646,2977,2372,2273,2515,2408,2498,2448,2208,1947,1921,2149
"TOTAL (ALL-INDIA)","BURGLARY",101182,96461,92827,92490,90108,91666,91218,93742,92070,90179,92504,92892
"ANDHRA PRADESH","THEFT",16751,19222,23408,23578,23778,23510,24391,25362,24692,26756,28267,27475
"ARUNACHAL PRADESH","THEFT",443,395,370,388,531,451,513,445,381,445,414,402
"ASSAM","THEFT",5367,5555,5525,5866,6369,7820,7754,8012,7644,7860,8309,9394
"BIHAR","THEFT",9701,10145,10124,11113,10812,11752,11795,13206,15221,15544,16292,17667
"CHHATTISGARH","THEFT",4812,4302,4170,5014,5600,5262,5381,6079,5792,5805,5315,5341
"GOA","THEFT",576,496,464,503,495,494,494,601,858,1034,1115,915
"GUJARAT","THEFT",15834,15742,19304,18551,17964,18475,18164,20715,19669,16794,16043,15952
"HARYANA","THEFT",6117,5962,5591,6558,8694,10518,11047,12709,12917,16266,17425,17590
"HIMACHAL PRADESH","THEFT",600,564,627,643,696,812,1092,1152,823,838,1042,769
"JAMMU & KASHMIR","THEFT",1919,2020,1949,1939,1901,1937,2086,2198,2631,2510,2655,2022
"JHARKHAND","THEFT",3827,4374,4155,4374,6195,6173,7091,7269,7716,7090,6378,6680
"KARNATAKA","THEFT",12868,13818,14180,16093,17008,14901,14351,17820,20576,20093,19834,18418
"KERALA","THEFT",5441,5743,4891,5240,5454,5431,5609,5818,5564,4380,4704,4078
"MADHYA PRADESH","THEFT",20263,20759,20422,22586,20685,21733,22396,24583,23260,21577,22414,23182
"MAHARASHTRA","THEFT",39866,37606,37098,43952,46851,46473,47681,52860,50930,52565,53449,47476
"MANIPUR","THEFT",217,255,252,244,243,290,454,446,394,417,719,903
"MEGHALAYA","THEFT",271,392,360,418,476,470,500,669,545,664,696,543
"MIZORAM","THEFT",878,999,1303,610,777,758,808,747,761,823,734,605
"NAGALAND","THEFT",258,257,221,255,294,327,360,345,347,397,360,381
"ODISHA","THEFT",5622,5268,5359,5967,6743,6567,6830,7419,7136,7572,8724,9630
"PUNJAB","THEFT",3023,2963,3198,2587,2924,3946,5173,5563,5624,5446,4784,5272
"RAJASTHAN","THEFT",16939,16313,16456,18842,17898,17889,19345,20411,22144,22324,21099,23314
"SIKKIM","THEFT",74,64,65,73,81,113,118,127,62,53,72,117
"TAMIL NADU","THEFT",16709,18755,18213,17530,15851,13651,13217,15019,15712,14583,13924,11996
"TRIPURA","THEFT",259,270,276,260,325,392,411,499,415,457,494,565
"UTTAR PRADESH","THEFT",27011,22419,15751,22524,20695,20447,22816,25946,29226,31153,36683,37376
"UTTARAKHAND","THEFT",1419,1365,1368,1597,1630,1696,1593,1622,1601,2138,2093,1913
"WEST BENGAL","THEFT",14245,12449,12613,14465,12124,12532,13747,17334,17133,19389,21446,22991
"TOTAL (STATES)","THEFT",231310,228472,227713,251770,253094,254820,265217,294976,299774,304973,315484,312967
"A & N ISLANDS","THEFT",65,49,60,103,92,101,112,128,134,121,88,71
"CHANDIGARH","THEFT",1529,1647,1238,1459,1373,1234,1740,1991,1731,1481,1502,1549
"D & N HAVELI","THEFT",45,75,61,53,74,61,87,54,63,63,69,68
"DAMAN & DIU","THEFT",40,56,46,27,50,63,43,49,41,47,47,55
"DELHI","THEFT",19276,16625,15544,18994,17955,17498,17037,18867,21731,23088,22899,22032
"LAKSHADWEEP","THEFT",10,12,8,5,7,17,20,8,10,5,4,7
"PUDUCHERRY","THEFT",528,526,567,634,466,560,787,688,711,534,707,658
"TOTAL (UTs)","THEFT",21493,18990,17524,21275,20017,19534,19826,21785,24421,25339,25316,24440
"TOTAL (ALL-INDIA)","THEFT",252803,247462,245237,273045,273111,274354,285043,316761,324195,330312,340800,337407
"ANDHRA PRADESH","RIOTS",3001,2140,2328,2540,2026,2916,1998,1930,2261,2231,2210,1878
"ARUNACHAL PRADESH","RIOTS",24,21,7,65,23,6,16,18,52,31,49,28
"ASSAM","RIOTS",2953,3014,3340,3615,2760,2684,2601,2600,1808,2183,2328,5077
"BIHAR","RIOTS",8606,8675,8029,9793,7671,8259,7962,8099,8554,8809,9768,10871
"CHHATTISGARH","RIOTS",871,817,703,790,893,905,881,1144,957,1092,934,910
"GOA","RIOTS",64,79,47,33,45,63,70,102,50,64,74,122
"GUJARAT","RIOTS",1930,3665,1824,1599,1628,1534,1668,1809,1539,1623,1615,1758
"HARYANA","RIOTS",750,700,639,699,899,1142,1173,1184,1166,1414,1466,1424
"HIMACHAL PRADESH","RIOTS",628,646,610,562,558,566,649,627,591,615,530,494
"JAMMU & KASHMIR","RIOTS",1072,996,1167,1116,1222,1197,1209,1782,1472,2169,1405,1400
"JHARKHAND","RIOTS",2018,2281,2481,2281,2524,2650,2565,2576,2312,2447,2133,2331
"KARNATAKA","RIOTS",6686,6838,5784,6237,6151,6183,5783,6013,6269,7710,7265,7502
"KERALA","RIOTS",8108,8090,6798,6461,6535,6365,7358,8057,8086,8724,10754,10938
"MADHYA PRADESH","RIOTS",3395,3178,2729,2479,2573,2308,2648,2768,2409,2606,2080,1951
"MAHARASHTRA","RIOTS",6719,6360,5714,5980,6779,7453,7993,9388,8030,8412,8556,8860
"MANIPUR","RIOTS",131,64,73,115,35,60,70,48,48,65,70,72
"MEGHALAYA","RIOTS",8,9,5,2,42,7,33,8,18,7,8,0
"MIZORAM","RIOTS",3,1,3,2,35,0,1,1,1,0,0,1
"NAGALAND","RIOTS",2,5,8,6,8,7,15,4,4,2,1,3
"ODISHA","RIOTS",1426,1598,1408,1433,1515,1535,1983,2721,1718,1779,1556,2205
"PUNJAB","RIOTS",1,2,0,16,1,3,1,1,8,0,0,1
"RAJASTHAN","RIOTS",11214,7178,4052,3101,2290,1767,1626,1390,1145,986,751,573
"SIKKIM","RIOTS",3,15,10,76,19,12,15,17,39,4,25,22
"TAMIL NADU","RIOTS",5196,4252,3706,3433,2551,1838,2375,2811,2397,2664,3009,3136
"TRIPURA","RIOTS",138,180,274,148,148,154,142,197,178,163,175,128
"UTTAR PRADESH","RIOTS",7343,4878,2251,3915,3926,3774,4495,4381,4263,4186,5022,5676
"UTTARAKHAND","RIOTS",440,342,392,444,433,489,459,509,466,458,401,369
"WEST BENGAL","RIOTS",3095,2461,2596,2691,2635,2385,3727,5425,6700,6809,6019,6611
"TOTAL (STATES)","RIOTS",75825,68485,56978,59632,55925,56262,59516,65610,62541,67253,68204,74341
"A & N ISLANDS","RIOTS",13,11,19,9,4,10,17,16,11,11,11,8
"CHANDIGARH","RIOTS",91,78,46,43,43,44,79,85,66,65,66,49
"D & N HAVELI","RIOTS",4,5,17,17,18,8,39,24,53,44,20,11
"DAMAN & DIU","RIOTS",23,16,31,19,19,24,31,35,29,11,19,9
"DELHI","RIOTS",165,139,80,67,61,87,87,71,57,53,50,79
"LAKSHADWEEP","RIOTS",1,18,4,37,6,12,1,12,44,3,5,10
"PUDUCHERRY","RIOTS",100,193,159,147,159,194,145,165,141,131,125,126
"TOTAL (UTs)","RIOTS",397,460,356,339,310,379,399,408,401,318,296,292
"TOTAL (ALL-INDIA)","RIOTS",76222,68945,57334,59971,56235,56641,59915,66018,62942,67571,68500,74633
"ANDHRA PRADESH","CRIMINAL BREACH OF TRUST",788,1050,1099,898,948,1007,869,990,904,1130,1174,1271
"ARUNACHAL PRADESH","CRIMINAL BREACH OF TRUST",41,23,28,26,36,61,41,43,38,59,54,55
"ASSAM","CRIMINAL BREACH OF TRUST",374,558,611,586,487,461,653,680,802,992,920,1278
"BIHAR","CRIMINAL BREACH OF TRUST",946,1215,1105,1701,1181,1054,1326,1352,1186,1071,1741,1650
"CHHATTISGARH","CRIMINAL BREACH OF TRUST",154,96,76,101,110,137,150,169,166,196,180,170
"GOA","CRIMINAL BREACH OF TRUST",39,27,60,49,50,35,36,47,52,57,45,64
"GUJARAT","CRIMINAL BREACH OF TRUST",1748,1385,1873,1612,1370,1246,1139,1167,1256,1214,1339,1240
"HARYANA","CRIMINAL BREACH OF TRUST",556,579,586,534,562,750,726,763,827,919,812,740
"HIMACHAL PRADESH","CRIMINAL BREACH OF TRUST",69,75,63,97,82,137,132,137,117,110,143,137
"JAMMU & KASHMIR","CRIMINAL BREACH OF TRUST",90,91,116,105,117,123,121,87,132,150,195,163
"JHARKHAND","CRIMINAL BREACH OF TRUST",283,333,265,333,243,319,448,269,473,505,447,639
"KARNATAKA","CRIMINAL BREACH OF TRUST",494,485,495,423,434,471,400,424,461,464,440,401
"KERALA","CRIMINAL BREACH OF TRUST",428,357,323,336,361,299,394,435,354,343,340,301
"MADHYA PRADESH","CRIMINAL BREACH OF TRUST",481,507,549,548,613,519,531,570,575,507,557,576
"MAHARASHTRA","CRIMINAL BREACH OF TRUST",1542,1468,1561,1528,1720,1726,1715,1880,1895,1948,1883,1900
"MANIPUR","CRIMINAL BREACH OF TRUST",33,28,16,25,52,40,19,24,20,24,42,67
"MEGHALAYA","CRIMINAL BREACH OF TRUST",19,9,12,25,18,16,17,32,26,37,52,44
"MIZORAM","CRIMINAL BREACH OF TRUST",23,26,19,30,11,30,20,34,30,25,21,12
"NAGALAND","CRIMINAL BREACH OF TRUST",20,10,3,11,17,18,13,16,6,13,16,22
"ODISHA","CRIMINAL BREACH OF TRUST",285,246,254,271,301,313,319,342,258,322,250,317
"PUNJAB","CRIMINAL BREACH OF TRUST",368,373,343,313,306,281,329,236,234,243,281,289
"RAJASTHAN","CRIMINAL BREACH OF TRUST",1026,938,902,885,613,694,825,737,842,789,741,682
"SIKKIM","CRIMINAL BREACH OF TRUST",1,3,7,4,4,10,7,6,4,1,4,3
"TAMIL NADU","CRIMINAL BREACH OF TRUST",360,288,307,268,239,194,261,231,215,177,238,262
"TRIPURA","CRIMINAL BREACH OF TRUST",4,12,3,17,32,23,42,42,52,53,54,47
"UTTAR PRADESH","CRIMINAL BREACH OF TRUST",3430,2738,1746,2377,2524,2509,3639,4296,3917,3817,3721,3638
"UTTARAKHAND","CRIMINAL BREACH OF TRUST",171,145,138,157,144,95,163,171,156,167,115,137
"WEST BENGAL","CRIMINAL BREACH OF TRUST",486,451,378,425,528,519,672,876,918,1011,1264,1391
"TOTAL (STATES)","CRIMINAL BREACH OF TRUST",14259,13516,12938,13685,13103,13087,15007,16056,15916,16344,17069,17496
"A & N ISLANDS","CRIMINAL BREACH OF TRUST",10,4,3,0,8,3,7,12,7,10,3,5
"CHANDIGARH","CRIMINAL BREACH OF TRUST",26,35,32,23,41,59,38,37,38,23,25,34
"D & N HAVELI","CRIMINAL BREACH OF TRUST",13,12,8,12,12,30,17,10,17,12,10,10
"DAMAN & DIU","CRIMINAL BREACH OF TRUST",5,5,8,4,6,9,5,4,8,4,3,6
"DELHI","CRIMINAL BREACH OF TRUST",479,444,431,445,394,442,451,355,333,273,337,341
"LAKSHADWEEP","CRIMINAL BREACH OF TRUST",1,0,0,0,0,0,0,0,0,0,1,0
"PUDUCHERRY","CRIMINAL BREACH OF TRUST",5,11,12,7,8,6,6,13,7,12,9,9
"TOTAL (UTs)","CRIMINAL BREACH OF TRUST",539,511,494,491,469,549,524,431,410,334,388,405
"TOTAL (ALL-INDIA)","CRIMINAL BREACH OF TRUST",14798,14027,13432,14176,13572,13636,15531,16487,16326,16678,17457,17901
"ANDHRA PRADESH","CHEATING",5391,6733,7581,7928,7909,8363,8103,8393,8528,9164,9748,11002
"ARUNACHAL PRADESH","CHEATING",30,29,21,34,28,38,33,28,29,91,74,85
"ASSAM","CHEATING",575,719,894,865,873,905,895,996,1098,1371,1495,1705
"BIHAR","CHEATING",1659,1811,1947,2764,1829,2171,2358,2741,2676,3025,3776,3933
"CHHATTISGARH","CHEATING",402,393,412,424,431,507,467,562,682,813,980,925
"GOA","CHEATING",62,78,106,61,58,55,55,105,132,117,142,205
"GUJARAT","CHEATING",1779,1457,1975,1726,1541,1529,1116,1167,1014,1002,1399,1361
"HARYANA","CHEATING",1016,933,900,1089,1204,1424,1232,1150,1406,1662,1761,1798
"HIMACHAL PRADESH","CHEATING",146,137,130,174,163,129,212,248,264,318,359,373
"JAMMU & KASHMIR","CHEATING",391,382,408,414,403,463,489,392,475,422,612,612
"JHARKHAND","CHEATING",554,441,479,441,643,833,814,900,910,988,907,1566
"KARNATAKA","CHEATING",2678,2764,2752,2759,2909,2910,3600,3669,5079,5543,5850,5822
"KERALA","CHEATING",2756,2924,3061,3755,3261,3316,4215,3659,3394,3581,5155,4681
"MADHYA PRADESH","CHEATING",1413,1240,1222,1287,1292,1522,1661,1368,1830,1779,1860,2021
"MAHARASHTRA","CHEATING",4273,4145,5005,5167,6391,6234,6235,7296,7976,8684,9098,9398
"MANIPUR","CHEATING",66,72,76,142,122,82,93,161,96,59,126,136
"MEGHALAYA","CHEATING",29,33,34,44,39,83,164,104,113,98,166,108
"MIZORAM","CHEATING",71,85,60,20,58,78,66,57,61,79,66,42
"NAGALAND","CHEATING",34,21,11,28,41,37,34,31,33,39,31,39
"ODISHA","CHEATING",681,793,937,805,1040,1364,1263,1244,1137,1108,1391,1607
"PUNJAB","CHEATING",2621,2716,3123,2729,2934,3393,3581,3192,3098,3527,3571,3451
"RAJASTHAN","CHEATING",6644,7286,7225,8333,8341,10191,11919,12097,15037,16584,17497,19646
"SIKKIM","CHEATING",13,48,12,22,44,37,34,46,12,20,31,31
"TAMIL NADU","CHEATING",2139,2017,1904,2121,2694,2116,2510,2349,2557,3259,3872,4151
"TRIPURA","CHEATING",17,20,25,34,59,84,85,92,110,122,99,105
"UTTAR PRADESH","CHEATING",5363,5026,2911,4184,4556,5142,8399,9327,8845,9553,9941,10713
"UTTARAKHAND","CHEATING",318,312,379,372,396,514,697,463,544,567,519,529
"WEST BENGAL","CHEATING",1216,1315,1534,1686,1760,1947,2406,2938,3298,3260,4171,5300
"TOTAL (STATES)","CHEATING",42337,43930,45124,49408,51019,55467,62736,64775,70434,76835,84697,91345
"A & N ISLANDS","CHEATING",8,11,13,12,13,15,23,19,20,56,32,31
"CHANDIGARH","CHEATING",155,181,209,135,161,232,170,213,193,163,255,234
"D & N HAVELI","CHEATING",12,10,13,22,10,10,10,24,20,18,18,4
"DAMAN & DIU","CHEATING",9,10,8,5,3,3,6,2,4,5,10,8
"DELHI","CHEATING",2183,2098,2079,2322,2378,2313,2336,1493,2000,1845,2590,2491
"LAKSHADWEEP","CHEATING",0,0,0,0,0,0,0,0,0,0,0,0
"PUDUCHERRY","CHEATING",23,31,32,35,41,36,45,53,47,77,54,90
"TOTAL (UTs)","CHEATING",2390,2341,2354,2531,2606,2609,2590,1804,2284,2164,2959,2858
"TOTAL (ALL-INDIA)","CHEATING",44727,46271,47478,51939,53625,58076,65326,66579,72718,78999,87656,94203
"ANDHRA PRADESH","COUNTERFETING",144,155,318,175,257,324,224,379,461,186,224,260
"ARUNACHAL PRADESH","COUNTERFETING",4,5,7,1,4,9,10,1,8,0,2,1
"ASSAM","COUNTERFETING",46,57,58,57,103,98,115,91,84,68,60,61
"BIHAR","COUNTERFETING",85,72,92,57,50,97,79,69,69,52,64,40
"CHHATTISGARH","COUNTERFETING",8,18,24,42,73,33,64,71,68,59,65,53
"GOA","COUNTERFETING",2,3,3,0,6,9,10,22,27,33,31,16
"GUJARAT","COUNTERFETING",55,46,275,122,447,196,286,190,238,255,256,216
"HARYANA","COUNTERFETING",37,32,30,32,31,35,33,40,35,29,18,20
"HIMACHAL PRADESH","COUNTERFETING",2,0,3,6,6,4,11,11,2,4,4,1
"JAMMU & KASHMIR","COUNTERFETING",15,20,21,32,29,35,31,23,37,19,39,17
"JHARKHAND","COUNTERFETING",23,6,5,6,19,34,19,24,15,16,22,14
"KARNATAKA","COUNTERFETING",131,175,126,65,133,139,124,118,171,192,105,84
"KERALA","COUNTERFETING",239,135,129,99,79,68,54,46,66,54,56,68
"MADHYA PRADESH","COUNTERFETING",19,54,38,36,51,38,38,47,27,33,12,31
"MAHARASHTRA","COUNTERFETING",265,176,261,218,385,317,270,405,478,389,351,291
"MANIPUR","COUNTERFETING",20,12,7,4,10,9,4,3,1,7,12,2
"MEGHALAYA","COUNTERFETING",3,8,4,2,3,7,12,10,9,4,13,13
"MIZORAM","COUNTERFETING",12,16,12,6,5,10,16,15,9,12,2,6
"NAGALAND","COUNTERFETING",2,3,7,0,5,10,8,4,3,3,5,4
"ODISHA","COUNTERFETING",10,12,11,14,31,16,30,26,34,29,10,19
"PUNJAB","COUNTERFETING",58,39,56,60,73,66,68,78,63,75,58,49
"RAJASTHAN","COUNTERFETING",89,63,58,65,88,56,56,51,59,36,56,49
"SIKKIM","COUNTERFETING",0,0,3,1,2,1,3,0,2,3,3,1
"TAMIL NADU","COUNTERFETING",104,121,63,40,40,63,74,599,352,312,275,377
"TRIPURA","COUNTERFETING",6,7,3,12,16,12,10,23,20,6,9,9
"UTTAR PRADESH","COUNTERFETING",147,127,226,188,261,278,337,420,339,426,270,205
"UTTARAKHAND","COUNTERFETING",4,8,8,13,22,14,39,31,43,33,26,22
"WEST BENGAL","COUNTERFETING",102,98,153,125,107,135,127,148,153,214,207,352
"TOTAL (STATES)","COUNTERFETING",1632,1468,2001,1478,2336,2113,2152,2945,2873,2549,2255,2281
"A & N ISLANDS","COUNTERFETING",2,0,0,0,0,4,1,1,2,0,0,1
"CHANDIGARH","COUNTERFETING",2,5,2,4,0,3,2,0,4,3,0,2
"D & N HAVELI","COUNTERFETING",1,0,2,0,4,1,1,1,1,1,2,0
"DAMAN & DIU","COUNTERFETING",1,0,6,0,7,4,6,1,3,0,2,0
"DELHI","COUNTERFETING",42,46,43,44,36,42,41,41,47,33,44,61
"LAKSHADWEEP","COUNTERFETING",0,0,0,1,0,0,0,0,0,0,0,0
"PUDUCHERRY","COUNTERFETING",3,3,1,2,0,2,1,2,5,3,4,6
"TOTAL (UTs)","COUNTERFETING",51,54,54,51,47,56,52,46,62,40,52,70
"TOTAL (ALL-INDIA)","COUNTERFETING",1683,1522,2055,1529,2383,2169,2204,2991,2935,2589,2307,2351
"ANDHRA PRADESH","ARSON",872,991,1049,915,967,1012,1176,1021,1039,925,1021,980
"ARUNACHAL PRADESH","ARSON",13,20,10,19,13,20,22,10,28,28,34,33
"ASSAM","ARSON",441,438,677,379,423,488,380,443,476,437,506,2830
"BIHAR","ARSON",502,600,669,707,760,785,865,772,685,660,705,799
"CHHATTISGARH","ARSON",215,235,151,242,214,262,253,302,335,319,289,330
"GOA","ARSON",16,25,18,7,12,38,24,27,24,23,24,34
"GUJARAT","ARSON",449,1915,516,388,320,321,330,363,240,260,263,282
"HARYANA","ARSON",203,199,122,95,119,156,142,139,153,221,166,191
"HIMACHAL PRADESH","ARSON",134,145,121,112,97,115,141,127,124,127,110,131
"JAMMU & KASHMIR","ARSON",437,386,328,320,240,203,186,230,217,224,205,190
"JHARKHAND","ARSON",165,167,147,167,202,178,160,164,203,185,138,136
"KARNATAKA","ARSON",352,437,415,248,238,268,262,265,293,286,231,416
"KERALA","ARSON",768,452,413,374,456,435,398,389,503,374,450,568
"MADHYA PRADESH","ARSON",1014,1053,868,893,817,815,909,898,741,748,784,814
"MAHARASHTRA","ARSON",1208,1269,1188,1149,1123,1188,1267,1288,1105,1229,1255,1246
"MANIPUR","ARSON",64,48,47,85,155,109,63,41,81,86,99,74
"MEGHALAYA","ARSON",26,23,16,15,70,28,36,28,54,52,34,61
"MIZORAM","ARSON",24,27,23,22,20,25,38,18,24,15,19,12
"NAGALAND","ARSON",1,6,5,5,4,16,5,14,4,1,2,7
"ODISHA","ARSON",423,405,337,343,386,371,411,869,413,430,423,469
"PUNJAB","ARSON",63,68,71,52,55,68,96,75,101,101,83,74
"RAJASTHAN","ARSON",1092,1130,784,835,648,551,675,615,556,478,473,475
"SIKKIM","ARSON",1,2,2,7,3,1,1,23,9,7,4,20
"TAMIL NADU","ARSON",980,850,791,662,495,460,653,610,580,636,706,726
"TRIPURA","ARSON",31,40,83,24,35,35,23,47,62,51,58,59
"UTTAR PRADESH","ARSON",812,643,297,381,398,299,268,228,254,170,477,327
"UTTARAKHAND","ARSON",30,40,33,28,24,39,37,15,17,17,17,17
"WEST BENGAL","ARSON",102,114,87,103,92,111,121,150,344,331,413,396
"TOTAL (STATES)","ARSON",10438,11728,9268,8577,8386,8397,8942,9171,8665,8421,8989,11697
"A & N ISLANDS","ARSON",4,2,8,9,6,9,11,15,12,12,6,4
"CHANDIGARH","ARSON",5,5,4,0,1,5,9,2,4,9,9,9
"D & N HAVELI","ARSON",1,2,4,2,1,5,10,6,5,2,5,12
"DAMAN & DIU","ARSON",3,2,1,2,1,5,3,3,3,0,0,11
"DELHI","ARSON",50,57,60,38,47,33,31,41,34,52,42,79
"LAKSHADWEEP","ARSON",2,2,2,0,0,4,0,2,2,2,3,3
"PUDUCHERRY","ARSON",31,22,18,9,9,22,18,9,11,10,10,21
"TOTAL (UTs)","ARSON",96,92,97,60,65,83,82,78,71,87,75,139
"TOTAL (ALL-INDIA)","ARSON",10534,11820,9365,8637,8451,8480,9024,9249,8736,8508,9064,11836
"ANDHRA PRADESH","HURT/GREVIOUS HURT",34947,39839,41545,43335,42179,47946,46122,48167,44488,46777,54452,56768
"ARUNACHAL PRADESH","HURT/GREVIOUS HURT",466,401,427,429,383,415,375,479,526,439,379,438
"ASSAM","HURT/GREVIOUS HURT",5805,4764,4952,5911,5906,5290,5175,6107,6547,5744,6306,6676
"BIHAR","HURT/GREVIOUS HURT",7544,8770,8884,11231,11939,12674,16288,16644,14746,15328,19391,45827
"CHHATTISGARH","HURT/GREVIOUS HURT",5477,4484,3653,3899,3734,6722,6801,8565,9543,10188,11105,10855
"GOA","HURT/GREVIOUS HURT",174,236,198,170,155,170,150,185,191,177,215,266
"GUJARAT","HURT/GREVIOUS HURT",13760,13531,12611,12262,10503,10685,10989,10897,9456,10131,10159,10234
"HARYANA","HURT/GREVIOUS HURT",4744,4514,4153,4194,4569,5135,5031,4504,3977,3733,3423,3277
"HIMACHAL PRADESH","HURT/GREVIOUS HURT",1403,1476,1385,1421,1359,1261,1318,1258,1230,1374,1251,1173
"JAMMU & KASHMIR","HURT/GREVIOUS HURT",318,366,310,334,355,376,374,273,331,278,246,322
"JHARKHAND","HURT/GREVIOUS HURT",2254,2294,3062,2294,3078,3055,3783,2826,4132,4271,4403,4785
"KARNATAKA","HURT/GREVIOUS HURT",23285,22824,21913,21232,20883,19488,18963,19159,20105,21835,21295,20350
"KERALA","HURT/GREVIOUS HURT",19829,19033,17696,20610,18302,19105,18975,19178,18274,18532,21747,21170
"MADHYA PRADESH","HURT/GREVIOUS HURT",30895,29955,29358,33285,33803,34709,36643,36344,37132,39193,35711,35549
"MAHARASHTRA","HURT/GREVIOUS HURT",30212,29250,29205,30122,30017,29407,29622,29742,28326,29696,29769,28392
"MANIPUR","HURT/GREVIOUS HURT",201,378,324,233,295,296,377,301,224,227,292,285
"MEGHALAYA","HURT/GREVIOUS HURT",102,89,106,123,135,138,124,204,207,154,197,157
"MIZORAM","HURT/GREVIOUS HURT",94,112,142,80,77,72,85,118,120,116,97,103
"NAGALAND","HURT/GREVIOUS HURT",37,53,48,52,35,50,52,46,38,36,55,30
"ODISHA","HURT/GREVIOUS HURT",4367,4947,4759,4938,5919,6226,7478,7013,6816,7181,7894,8223
"PUNJAB","HURT/GREVIOUS HURT",3996,4453,4124,4402,4267,5104,5663,5597,5498,4873,4757,4186
"RAJASTHAN","HURT/GREVIOUS HURT",27485,26519,26173,25947,22606,21296,19720,21117,21652,19247,17977,17614
"SIKKIM","HURT/GREVIOUS HURT",35,50,56,78,99,96,95,100,91,73,75,91
"TAMIL NADU","HURT/GREVIOUS HURT",28429,25150,30228,30855,31725,14067,16967,20529,18147,21309,21167,22100
"TRIPURA","HURT/GREVIOUS HURT",412,518,534,452,429,464,546,924,1047,1136,1340,1504
"UTTAR PRADESH","HURT/GREVIOUS HURT",17816,13947,7760,11265,10379,10412,10694,11683,10934,10336,12234,12290
"UTTARAKHAND","HURT/GREVIOUS HURT",830,760,687,865,745,854,886,937,1198,974,852,1022
"WEST BENGAL","HURT/GREVIOUS HURT",3658,3112,4172,3867,4125,6299,6909,9033,11196,12764,13094,15923
"TOTAL (STATES)","HURT/GREVIOUS HURT",268575,261825,258465,273886,268001,261812,270205,281930,276172,286122,299883,329610
"A & N ISLANDS","HURT/GREVIOUS HURT",118,97,110,105,79,78,99,107,89,80,81,62
"CHANDIGARH","HURT/GREVIOUS HURT",95,107,71,65,57,55,78,73,63,65,45,42
"D & N HAVELI","HURT/GREVIOUS HURT",29,29,22,35,33,35,25,26,23,11,25,25
"DAMAN & DIU","HURT/GREVIOUS HURT",21,18,14,17,16,18,20,12,14,12,11,17
"DELHI","HURT/GREVIOUS HURT",2011,1851,1708,1780,1814,1818,1736,1936,1938,1925,1946,1747
"LAKSHADWEEP","HURT/GREVIOUS HURT",3,5,1,6,4,5,0,12,14,1,3,3
"PUDUCHERRY","HURT/GREVIOUS HURT",635,1093,1053,974,857,927,904,873,901,806,853,818
"TOTAL (UTs)","HURT/GREVIOUS HURT",2912,3200,2979,2982,2860,2936,2862,3039,3042,2900,2964,2714
"TOTAL (ALL-INDIA)","HURT/GREVIOUS HURT",271487,265025,261444,276868,270861,264748,273067,284969,279214,289022,302847,332324
"ANDHRA PRADESH","DOWRY",420,449,466,512,443,519,613,556,546,588,599,504
"ARUNACHAL PRADESH","DOWRY",0,0,0,0,0,1,0,0,0,0,0,1
"ASSAM","DOWRY",59,70,60,74,99,105,100,103,170,175,121,140
"BIHAR","DOWRY",859,927,909,1029,1014,1188,1172,1210,1295,1257,1413,1275
"CHHATTISGARH","DOWRY",70,85,79,71,100,103,100,106,128,115,104,81
"GOA","DOWRY",2,2,2,2,2,0,2,2,3,1,1,0
"GUJARAT","DOWRY",67,62,54,58,48,50,42,27,24,19,30,21
"HARYANA","DOWRY",285,256,222,251,212,255,269,302,281,284,255,258
"HIMACHAL PRADESH","DOWRY",10,6,6,8,2,3,8,3,1,2,4,2
"JAMMU & KASHMIR","DOWRY",13,18,10,9,5,10,9,21,12,9,11,8
"JHARKHAND","DOWRY",217,275,262,275,257,281,303,266,295,276,282,302
"KARNATAKA","DOWRY",220,233,194,259,261,244,251,259,264,248,267,218
"KERALA","DOWRY",27,17,33,31,21,25,27,31,20,22,15,32
"MADHYA PRADESH","DOWRY",609,674,648,751,739,764,742,805,858,892,811,743
"MAHARASHTRA","DOWRY",308,303,368,314,341,387,436,390,341,393,339,329
"MANIPUR","DOWRY",0,0,0,0,0,0,0,1,0,0,1,0
"MEGHALAYA","DOWRY",0,0,0,2,1,6,2,2,0,0,1,1
"MIZORAM","DOWRY",0,0,0,0,4,0,0,0,0,0,0,0
"NAGALAND","DOWRY",0,0,0,0,0,0,0,0,0,0,0,0
"ODISHA","DOWRY",294,248,279,319,334,457,461,401,384,388,465,525
"PUNJAB","DOWRY",159,166,110,113,99,130,133,128,126,121,143,118
"RAJASTHAN","DOWRY",376,399,389,379,361,394,439,439,436,462,514,478
"SIKKIM","DOWRY",0,0,0,0,0,0,0,0,0,1,0,1
"TAMIL NADU","DOWRY",191,243,220,225,215,187,208,207,194,165,152,110
"TRIPURA","DOWRY",16,16,20,20,34,35,36,16,29,25,30,37
"UTTAR PRADESH","DOWRY",2211,1893,1322,1708,1564,1798,2076,2237,2232,2217,2322,2244
"UTTARAKHAND","DOWRY",56,66,93,82,63,80,70,73,94,75,83,71
"WEST BENGAL","DOWRY",265,273,329,396,446,445,451,451,506,507,510,593
"TOTAL (STATES)","DOWRY",6734,6681,6075,6888,6665,7467,7950,8036,8239,8242,8473,8092
"A & N ISLANDS","DOWRY",0,0,0,0,0,0,1,2,1,0,0,2
"CHANDIGARH","DOWRY",3,1,1,6,3,10,1,3,2,5,2,5
"D & N HAVELI","DOWRY",0,0,0,0,0,1,0,0,0,0,0,0
"DAMAN & DIU","DOWRY",0,0,1,0,1,0,1,0,0,0,0,0
"DELHI","DOWRY",113,135,130,126,114,137,138,129,141,143,142,134
"LAKSHADWEEP","DOWRY",0,0,0,0,0,0,0,0,0,0,0,0
"PUDUCHERRY","DOWRY",1,5,1,6,4,3,2,2,0,1,1,0
"TOTAL (UTs)","DOWRY",117,141,133,138,122,151,143,136,144,149,145,141
"TOTAL (ALL-INDIA)","DOWRY",6851,6822,6208,7026,6787,7618,8093,8172,8383,8391,8618,8233
"ANDHRA PRADESH","ASSAULT ON WOMEN WITH INTENT TO OUTRAGE HER MODESTY",3544,3799,4128,3817,3595,4534,4406,4730,5147,4634,4849,4816
"ARUNACHAL PRADESH","ASSAULT ON WOMEN WITH INTENT TO OUTRAGE HER MODESTY",78,68,43,61,67,63,72,72,58,84,51,67
"ASSAM","ASSAULT ON WOMEN WITH INTENT TO OUTRAGE HER MODESTY",850,984,878,883,899,1290,789,1272,1342,1400,1193,1840
"BIHAR","ASSAULT ON WOMEN WITH INTENT TO OUTRAGE HER MODESTY",562,621,688,704,451,530,853,999,726,534,790,118
"CHHATTISGARH","ASSAULT ON WOMEN WITH INTENT TO OUTRAGE HER MODESTY",1763,1483,1481,1661,1450,1598,1549,1621,1598,1706,1654,1601
"GOA","ASSAULT ON WOMEN WITH INTENT TO OUTRAGE HER MODESTY",17,18,19,23,30,18,20,32,37,36,29,49
"GUJARAT","ASSAULT ON WOMEN WITH INTENT TO OUTRAGE HER MODESTY",756,750,722,757,802,736,822,828,727,668,685,745
"HARYANA","ASSAULT ON WOMEN WITH INTENT TO OUTRAGE HER MODESTY",478,454,344,403,380,486,417,435,451,476,474,525
"HIMACHAL PRADESH","ASSAULT ON WOMEN WITH INTENT TO OUTRAGE HER MODESTY",310,326,250,284,286,275,322,295,318,350,331,250
"JAMMU & KASHMIR","ASSAULT ON WOMEN WITH INTENT TO OUTRAGE HER MODESTY",622,785,875,990,830,960,986,935,972,1038,1194,1322
"JHARKHAND","ASSAULT ON WOMEN WITH INTENT TO OUTRAGE HER MODESTY",297,411,424,411,293,414,342,271,276,245,317,284
"KARNATAKA","ASSAULT ON WOMEN WITH INTENT TO OUTRAGE HER MODESTY",1665,1648,1585,1435,1585,1683,1828,1954,2186,2544,2608,2978
"KERALA","ASSAULT ON WOMEN WITH INTENT TO OUTRAGE HER MODESTY",1942,2123,1947,2260,2339,2543,2624,2745,2540,2936,3756,3735
"MADHYA PRADESH","ASSAULT ON WOMEN WITH INTENT TO OUTRAGE HER MODESTY",7063,7118,6848,6690,6426,6243,6772,6445,6307,6646,6665,6655
"MAHARASHTRA","ASSAULT ON WOMEN WITH INTENT TO OUTRAGE HER MODESTY",2823,2686,2661,2831,3228,3479,3306,3619,3196,3661,3794,3935
"MANIPUR","ASSAULT ON WOMEN WITH INTENT TO OUTRAGE HER MODESTY",21,58,44,30,25,42,70,57,39,31,38,49
"MEGHALAYA","ASSAULT ON WOMEN WITH INTENT TO OUTRAGE HER MODESTY",25,23,13,34,44,57,45,54,72,48,74,43
"MIZORAM","ASSAULT ON WOMEN WITH INTENT TO OUTRAGE HER MODESTY",52,73,88,66,49,51,66,78,61,75,72,85
"NAGALAND","ASSAULT ON WOMEN WITH INTENT TO OUTRAGE HER MODESTY",6,1,4,3,7,3,8,15,11,13,9,16
"ODISHA","ASSAULT ON WOMEN WITH INTENT TO OUTRAGE HER MODESTY",1655,1605,1669,1811,2238,2415,2775,2782,2697,2905,3207,4187
"PUNJAB","ASSAULT ON WOMEN WITH INTENT TO OUTRAGE HER MODESTY",372,341,346,261,308,314,427,388,319,349,282,340
"RAJASTHAN","ASSAULT ON WOMEN WITH INTENT TO OUTRAGE HER MODESTY",2878,2730,2715,2825,2503,2582,2477,2520,2485,2339,2447,2352
"SIKKIM","ASSAULT ON WOMEN WITH INTENT TO OUTRAGE HER MODESTY",0,17,25,40,38,14,13,19,10,11,24,19
"TAMIL NADU","ASSAULT ON WOMEN WITH INTENT TO OUTRAGE HER MODESTY",1773,1877,2022,1861,1764,1179,1540,1705,1242,1405,1467,1494
"TRIPURA","ASSAULT ON WOMEN WITH INTENT TO OUTRAGE HER MODESTY",58,128,127,134,161,207,244,346,384,376,294,314
"UTTAR PRADESH","ASSAULT ON WOMEN WITH INTENT TO OUTRAGE HER MODESTY",2870,2145,1098,1900,1835,2096,2522,2955,2782,2793,3455,3247
"UTTARAKHAND","ASSAULT ON WOMEN WITH INTENT TO OUTRAGE HER MODESTY",103,145,136,143,100,153,146,120,119,125,116,139
"WEST BENGAL","ASSAULT ON WOMEN WITH INTENT TO OUTRAGE HER MODESTY",954,964,1186,1566,1572,1837,2281,2396,1942,2465,2363,3345
"TOTAL (STATES)","ASSAULT ON WOMEN WITH INTENT TO OUTRAGE HER MODESTY",33537,33381,32366,33884,33305,35802,37722,39688,38044,39893,42238,44550
"A & N ISLANDS","ASSAULT ON WOMEN WITH INTENT TO OUTRAGE HER MODESTY",19,17,9,6,11,14,21,24,30,31,15,17
"CHANDIGARH","ASSAULT ON WOMEN WITH INTENT TO OUTRAGE HER MODESTY",24,36,11,20,31,20,32,19,26,29,21,45
"D & N HAVELI","ASSAULT ON WOMEN WITH INTENT TO OUTRAGE HER MODESTY",7,3,4,5,5,5,0,4,2,11,2,2
"DAMAN & DIU","ASSAULT ON WOMEN WITH INTENT TO OUTRAGE HER MODESTY",0,0,3,1,1,2,0,2,4,2,0,0
"DELHI","ASSAULT ON WOMEN WITH INTENT TO OUTRAGE HER MODESTY",502,446,489,601,762,718,868,611,552,601,657,727
"LAKSHADWEEP","ASSAULT ON WOMEN WITH INTENT TO OUTRAGE HER MODESTY",0,1,1,0,0,0,2,0,0,0,0,1
"PUDUCHERRY","ASSAULT ON WOMEN WITH INTENT TO OUTRAGE HER MODESTY",35,59,56,50,60,56,89,65,53,46,35,9
"TOTAL (UTs)","ASSAULT ON WOMEN WITH INTENT TO OUTRAGE HER MODESTY",587,562,573,683,870,815,1012,725,667,720,730,801
"TOTAL (ALL-INDIA)","ASSAULT ON WOMEN WITH INTENT TO OUTRAGE HER MODESTY",34124,33943,32939,34567,34175,36617,38734,40413,38711,40613,42968,45351
"ANDHRA PRADESH","INSULT TO THE MODESTY OF WOMEN",2271,2024,2286,2310,2508,2411,3316,3551,3520,4562,3658,3714
"ARUNACHAL PRADESH","INSULT TO THE MODESTY OF WOMEN",3,2,0,0,0,2,1,1,6,1,0,2
"ASSAM","INSULT TO THE MODESTY OF WOMEN",4,7,6,11,19,10,10,2,10,20,8,5
"BIHAR","INSULT TO THE MODESTY OF WOMEN",21,6,11,13,13,53,12,21,12,16,11,37
"CHHATTISGARH","INSULT TO THE MODESTY OF WOMEN",161,147,105,131,132,143,111,125,152,182,174,162
"GOA","INSULT TO THE MODESTY OF WOMEN",7,6,7,15,8,7,7,12,10,16,12,16
"GUJARAT","INSULT TO THE MODESTY OF WOMEN",111,104,92,164,104,138,120,122,114,110,93,93
"HARYANA","INSULT TO THE MODESTY OF WOMEN",401,1424,1302,850,597,491,409,605,605,580,490,434
"HIMACHAL PRADESH","INSULT TO THE MODESTY OF WOMEN",14,12,18,16,29,31,33,41,37,78,62,68
"JAMMU & KASHMIR","INSULT TO THE MODESTY OF WOMEN",288,368,376,264,371,347,353,296,371,262,350,347
"JHARKHAND","INSULT TO THE MODESTY OF WOMEN",5,3,2,3,36,44,15,23,83,16,7,10
"KARNATAKA","INSULT TO THE MODESTY OF WOMEN",81,100,84,57,71,38,28,44,64,83,81,100
"KERALA","INSULT TO THE MODESTY OF WOMEN",81,102,68,133,175,222,262,258,395,537,573,498
"MADHYA PRADESH","INSULT TO THE MODESTY OF WOMEN",751,783,705,804,792,762,780,758,728,918,762,774
"MAHARASHTRA","INSULT TO THE MODESTY OF WOMEN",1120,769,682,862,919,984,1039,1091,1099,1180,1071,1294
"MANIPUR","INSULT TO THE MODESTY OF WOMEN",0,0,0,0,0,0,0,0,2,0,0,1
"MEGHALAYA","INSULT TO THE MODESTY OF WOMEN",0,0,1,0,0,0,1,4,1,0,1,0
"MIZORAM","INSULT TO THE MODESTY OF WOMEN",0,0,0,0,4,0,0,0,1,0,1,0
"NAGALAND","INSULT TO THE MODESTY OF WOMEN",0,0,2,1,0,2,1,1,0,3,0,0
"ODISHA","INSULT TO THE MODESTY OF WOMEN",458,188,188,170,184,247,241,282,210,232,235,304
"PUNJAB","INSULT TO THE MODESTY OF WOMEN",47,145,199,38,43,60,48,49,33,38,31,31
"RAJASTHAN","INSULT TO THE MODESTY OF WOMEN",56,44,33,41,28,31,28,19,24,23,9,18
"SIKKIM","INSULT TO THE MODESTY OF WOMEN",14,0,0,0,0,0,0,0,0,0,0,0
"TAMIL NADU","INSULT TO THE MODESTY OF WOMEN",1012,1718,881,1081,665,852,875,974,501,638,464,382
"TRIPURA","INSULT TO THE MODESTY OF WOMEN",0,0,0,0,1,0,4,4,5,9,9,7
"UTTAR PRADESH","INSULT TO THE MODESTY OF WOMEN",2575,1887,4970,2682,2881,2714,2882,3374,2524,11,3,8
"UTTARAKHAND","INSULT TO THE MODESTY OF WOMEN",84,97,98,110,89,113,63,306,249,165,72,73
"WEST BENGAL","INSULT TO THE MODESTY OF WOMEN",48,34,71,64,54,63,99,94,108,163,200,556
"TOTAL (STATES)","INSULT TO THE MODESTY OF WOMEN",9613,9970,12187,9820,9723,9765,10738,12057,10864,9843,8377,8934
"A & N ISLANDS","INSULT TO THE MODESTY OF WOMEN",1,3,2,3,1,4,2,3,7,10,3,4
"CHANDIGARH","INSULT TO THE MODESTY OF WOMEN",15,28,4,18,9,13,11,2,2,4,12,25
"D & N HAVELI","INSULT TO THE MODESTY OF WOMEN",0,0,0,0,0,1,0,0,1,2,0,0
"DAMAN & DIU","INSULT TO THE MODESTY OF WOMEN",0,0,0,0,0,0,0,1,1,0,0,0
"DELHI","INSULT TO THE MODESTY OF WOMEN",90,128,105,130,225,144,167,130,118,80,162,208
"LAKSHADWEEP","INSULT TO THE MODESTY OF WOMEN",0,0,0,0,0,0,0,0,0,0,0,0
"PUDUCHERRY","INSULT TO THE MODESTY OF WOMEN",27,26,27,30,26,39,32,21,16,22,16,2
"TOTAL (UTs)","INSULT TO THE MODESTY OF WOMEN",133,185,138,181,261,201,212,157,145,118,193,239
"TOTAL (ALL-INDIA)","INSULT TO THE MODESTY OF WOMEN",9746,10155,12325,10001,9984,9966,10950,12214,11009,9961,8570,9173
"ANDHRA PRADESH","CRUELTY BY HUSBAND OR HIS RELATIVES",5791,7018,8167,8388,8696,9164,11335,10306,11297,12080,13376,13389
"ARUNACHAL PRADESH","CRUELTY BY HUSBAND OR HIS RELATIVES",11,13,14,4,9,14,20,13,13,12,18,26
"ASSAM","CRUELTY BY HUSBAND OR HIS RELATIVES",1248,1694,1808,1945,2206,2548,3000,3478,4398,5410,5246,6407
"BIHAR","CRUELTY BY HUSBAND OR HIS RELATIVES",1558,1577,1880,2679,1574,1689,1635,1992,2532,2271,2607,3686
"CHHATTISGARH","CRUELTY BY HUSBAND OR HIS RELATIVES",840,653,601,741,732,717,824,897,893,861,834,980
"GOA","CRUELTY BY HUSBAND OR HIS RELATIVES",11,8,24,17,11,14,14,12,21,17,18,24
"GUJARAT","CRUELTY BY HUSBAND OR HIS RELATIVES",3667,3321,3684,3955,4090,4977,5827,6094,5506,5600,6052,6658
"HARYANA","CRUELTY BY HUSBAND OR HIS RELATIVES",1513,1565,1618,2026,2075,2254,2412,2435,2617,2720,2740,3137
"HIMACHAL PRADESH","CRUELTY BY HUSBAND OR HIS RELATIVES",317,234,221,252,228,259,342,343,284,275,239,251
"JAMMU & KASHMIR","CRUELTY BY HUSBAND OR HIS RELATIVES",50,54,71,82,76,135,176,162,196,211,286,301
"JHARKHAND","CRUELTY BY HUSBAND OR HIS RELATIVES",484,588,559,588,590,668,801,851,710,650,659,1261
"KARNATAKA","CRUELTY BY HUSBAND OR HIS RELATIVES",1755,1826,1704,1588,1883,2129,2507,2638,3185,3441,3712,3684
"KERALA","CRUELTY BY HUSBAND OR HIS RELATIVES",2561,2836,2930,3222,3283,3708,3999,4138,4007,4797,5377,5216
"MADHYA PRADESH","CRUELTY BY HUSBAND OR HIS RELATIVES",2562,3117,2938,3436,2989,2989,3294,3185,3983,3756,3732,3988
"MAHARASHTRA","CRUELTY BY HUSBAND OR HIS RELATIVES",6090,5353,5452,5646,6233,6738,7356,7829,7681,7434,7136,7415
"MANIPUR","CRUELTY BY HUSBAND OR HIS RELATIVES",5,10,4,2,20,10,15,28,25,18,39,43
"MEGHALAYA","CRUELTY BY HUSBAND OR HIS RELATIVES",4,0,4,5,3,13,19,32,24,24,21,16
"MIZORAM","CRUELTY BY HUSBAND OR HIS RELATIVES",16,3,3,0,0,1,2,5,4,3,9,8
"NAGALAND","CRUELTY BY HUSBAND OR HIS RELATIVES",0,0,0,0,0,3,0,4,0,1,1,0
"ODISHA","CRUELTY BY HUSBAND OR HIS RELATIVES",1266,1167,1289,1192,1671,694,728,1618,2047,2067,2320,2638
"PUNJAB","CRUELTY BY HUSBAND OR HIS RELATIVES",1128,944,987,801,729,801,971,984,1061,1163,1136,1293
"RAJASTHAN","CRUELTY BY HUSBAND OR HIS RELATIVES",5532,5691,5733,6781,5997,7038,8170,8113,10371,11145,12218,13312
"SIKKIM","CRUELTY BY HUSBAND OR HIS RELATIVES",0,3,1,1,4,6,7,5,6,3,4,4
"TAMIL NADU","CRUELTY BY HUSBAND OR HIS RELATIVES",815,1052,1555,1437,1650,1248,1976,1648,1460,1570,1812,1965
"TRIPURA","CRUELTY BY HUSBAND OR HIS RELATIVES",227,236,247,302,439,471,545,735,815,937,702,858
"UTTAR PRADESH","CRUELTY BY HUSBAND OR HIS RELATIVES",7365,5679,2626,4950,4505,5204,7650,8312,8566,7978,7121,7661
"UTTARAKHAND","CRUELTY BY HUSBAND OR HIS RELATIVES",301,316,317,405,272,358,463,340,361,334,307,368
"WEST BENGAL","CRUELTY BY HUSBAND OR HIS RELATIVES",3859,4069,4948,6334,6936,7414,9900,13663,16112,17796,19772,19865
"TOTAL (STATES)","CRUELTY BY HUSBAND OR HIS RELATIVES",48976,49027,49385,56779,56901,61264,73988,79860,88175,92574,97494,104454
"A & N ISLANDS","CRUELTY BY HUSBAND OR HIS RELATIVES",9,4,7,5,5,7,18,26,21,9,5,5
"CHANDIGARH","CRUELTY BY HUSBAND OR HIS RELATIVES",36,56,93,73,75,102,112,49,51,41,46,73
"D & N HAVELI","CRUELTY BY HUSBAND OR HIS RELATIVES",4,3,2,3,5,5,3,4,3,3,3,0
"DAMAN & DIU","CRUELTY BY HUSBAND OR HIS RELATIVES",4,3,0,4,3,2,3,5,3,3,2,3
"DELHI","CRUELTY BY HUSBAND OR HIS RELATIVES",138,135,1211,1254,1324,1728,1787,1387,1283,1404,1575,1985
"LAKSHADWEEP","CRUELTY BY HUSBAND OR HIS RELATIVES",0,0,1,1,0,1,2,1,0,0,0,1
"PUDUCHERRY","CRUELTY BY HUSBAND OR HIS RELATIVES",3,9,4,2,6,19,17,12,10,7,10,6
"TOTAL (UTs)","CRUELTY BY HUSBAND OR HIS RELATIVES",194,210,1318,1342,1418,1864,1942,1484,1371,1467,1641,2073
"TOTAL (ALL-INDIA)","CRUELTY BY HUSBAND OR HIS RELATIVES",49170,49237,50703,58121,58319,63128,75930,81344,89546,94041,99135,106527
"ANDHRA PRADESH","IMPORTATION OF GIRLS FROM FOREIGN COUNTRY",7,0,5,2,3,0,0,0,0,0,0,0
"ARUNACHAL PRADESH","IMPORTATION OF GIRLS FROM FOREIGN COUNTRY",0,0,0,0,0,0,0,0,0,0,0,0
"ASSAM","IMPORTATION OF GIRLS FROM FOREIGN COUNTRY",0,0,0,0,3,0,0,0,1,0,2,2
"BIHAR","IMPORTATION OF GIRLS FROM FOREIGN COUNTRY",83,38,37,35,74,42,56,22,31,8,10,4
"CHHATTISGARH","IMPORTATION OF GIRLS FROM FOREIGN COUNTRY",0,0,0,0,0,1,0,0,0,2,2,0
"GOA","IMPORTATION OF GIRLS FROM FOREIGN COUNTRY",0,0,0,0,0,0,0,0,0,0,0,0
"GUJARAT","IMPORTATION OF GIRLS FROM FOREIGN COUNTRY",0,0,0,0,0,0,0,0,0,0,0,0
"HARYANA","IMPORTATION OF GIRLS FROM FOREIGN COUNTRY",0,0,0,0,0,0,0,0,0,0,0,0
"HIMACHAL PRADESH","IMPORTATION OF GIRLS FROM FOREIGN COUNTRY",0,0,0,0,0,0,0,0,0,0,0,0
"JAMMU & KASHMIR","IMPORTATION OF GIRLS FROM FOREIGN COUNTRY",0,0,0,0,0,0,0,0,0,0,0,0
"JHARKHAND","IMPORTATION OF GIRLS FROM FOREIGN COUNTRY",2,36,0,36,4,5,0,39,6,8,6,3
"KARNATAKA","IMPORTATION OF GIRLS FROM FOREIGN COUNTRY",0,0,0,0,0,0,0,1,2,0,12,32
"KERALA","IMPORTATION OF GIRLS FROM FOREIGN COUNTRY",0,0,0,0,0,0,0,0,0,0,0,0
"MADHYA PRADESH","IMPORTATION OF GIRLS FROM FOREIGN COUNTRY",0,0,0,0,3,0,0,0,1,5,45,6
"MAHARASHTRA","IMPORTATION OF GIRLS FROM FOREIGN COUNTRY",1,0,0,0,0,1,0,0,0,0,0,0
"MANIPUR","IMPORTATION OF GIRLS FROM FOREIGN COUNTRY",0,0,0,0,0,0,0,0,0,0,0,0
"MEGHALAYA","IMPORTATION OF GIRLS FROM FOREIGN COUNTRY",0,0,0,0,0,0,0,0,1,0,3,0
"MIZORAM","IMPORTATION OF GIRLS FROM FOREIGN COUNTRY",3,0,0,0,0,0,0,0,0,0,0,0
"NAGALAND","IMPORTATION OF GIRLS FROM FOREIGN COUNTRY",0,0,1,0,0,0,0,0,0,0,0,0
"ODISHA","IMPORTATION OF GIRLS FROM FOREIGN COUNTRY",0,0,0,0,0,12,0,0,1,5,0,0
"PUNJAB","IMPORTATION OF GIRLS FROM FOREIGN COUNTRY",0,0,0,0,0,2,0,0,0,0,0,0
"RAJASTHAN","IMPORTATION OF GIRLS FROM FOREIGN COUNTRY",1,0,1,1,0,3,0,0,0,0,0,0
"SIKKIM","IMPORTATION OF GIRLS FROM FOREIGN COUNTRY",0,0,0,0,0,0,0,0,0,0,0,0
"TAMIL NADU","IMPORTATION OF GIRLS FROM FOREIGN COUNTRY",14,0,1,0,0,0,0,0,0,0,0,0
"TRIPURA","IMPORTATION OF GIRLS FROM FOREIGN COUNTRY",0,0,0,0,0,0,0,0,0,0,0,0
"UTTAR PRADESH","IMPORTATION OF GIRLS FROM FOREIGN COUNTRY",0,0,0,3,0,0,0,0,0,0,0,0
"UTTARAKHAND","IMPORTATION OF GIRLS FROM FOREIGN COUNTRY",0,1,0,0,0,0,0,0,0,0,0,0
"WEST BENGAL","IMPORTATION OF GIRLS FROM FOREIGN COUNTRY",3,1,1,12,61,1,5,5,5,8,0,12
"TOTAL (STATES)","IMPORTATION OF GIRLS FROM FOREIGN COUNTRY",114,76,46,89,148,67,61,67,48,36,80,59
"A & N ISLANDS","IMPORTATION OF GIRLS FROM FOREIGN COUNTRY",0,0,0,0,0,0,0,0,0,0,0,0
"CHANDIGARH","IMPORTATION OF GIRLS FROM FOREIGN COUNTRY",0,0,0,0,0,0,0,0,0,0,0,0
"D & N HAVELI","IMPORTATION OF GIRLS FROM FOREIGN COUNTRY",0,0,0,0,0,0,0,0,0,0,0,0
"DAMAN & DIU","IMPORTATION OF GIRLS FROM FOREIGN COUNTRY",0,0,0,0,0,0,0,0,0,0,0,0
"DELHI","IMPORTATION OF GIRLS FROM FOREIGN COUNTRY",0,0,0,0,1,0,0,0,0,0,0,0
"LAKSHADWEEP","IMPORTATION OF GIRLS FROM FOREIGN COUNTRY",0,0,0,0,0,0,0,0,0,0,0,0
"PUDUCHERRY","IMPORTATION OF GIRLS FROM FOREIGN COUNTRY",0,0,0,0,0,0,0,0,0,0,0,0
"TOTAL (UTs)","IMPORTATION OF GIRLS FROM FOREIGN COUNTRY",0,0,0,0,1,0,0,0,0,0,0,0
"TOTAL (ALL-INDIA)","IMPORTATION OF GIRLS FROM FOREIGN COUNTRY",114,76,46,89,149,67,61,67,48,36,80,59
"ANDHRA PRADESH","CAUSING DEATH BY NEGLIGENCE",7400,8691,8515,11452,9973,11489,12629,12861,13438,14085,13973,13929
"ARUNACHAL PRADESH","CAUSING DEATH BY NEGLIGENCE",0,0,0,0,69,82,82,104,110,106,98,94
"ASSAM","CAUSING DEATH BY NEGLIGENCE",2010,1957,2086,2239,2695,3022,2875,2259,2735,2847,2915,2565
"BIHAR","CAUSING DEATH BY NEGLIGENCE",2406,2497,2574,2405,2680,2860,3789,4592,4516,5615,5877,4631
"CHHATTISGARH","CAUSING DEATH BY NEGLIGENCE",689,963,1158,1717,2004,2239,2476,2800,2735,2907,2856,2888
"GOA","CAUSING DEATH BY NEGLIGENCE",191,202,164,216,209,233,247,230,220,256,263,233
"GUJARAT","CAUSING DEATH BY NEGLIGENCE",2924,3258,3536,3958,4120,4339,4831,4934,5178,5907,5827,5573
"HARYANA","CAUSING DEATH BY NEGLIGENCE",856,955,971,981,1083,1350,1545,1323,1549,1595,1505,1484
"HIMACHAL PRADESH","CAUSING DEATH BY NEGLIGENCE",483,482,463,469,480,499,597,485,616,610,563,562
"JAMMU & KASHMIR","CAUSING DEATH BY NEGLIGENCE",357,380,378,422,462,222,243,293,517,494,385,371
"JHARKHAND","CAUSING DEATH BY NEGLIGENCE",420,416,642,416,1490,1154,1019,1310,1678,1745,1728,1594
"KARNATAKA","CAUSING DEATH BY NEGLIGENCE",100,152,172,277,243,534,514,572,417,471,750,876
"KERALA","CAUSING DEATH BY NEGLIGENCE",0,32,35,42,34,49,59,37,41,47,65,48
"MADHYA PRADESH","CAUSING DEATH BY NEGLIGENCE",3297,3679,3778,4209,4593,4823,5754,6008,6591,7038,7478,7721
"MAHARASHTRA","CAUSING DEATH BY NEGLIGENCE",8993,9407,9378,9574,9608,10933,11946,12472,12459,13508,13024,13311
"MANIPUR","CAUSING DEATH BY NEGLIGENCE",7,25,4,35,5,3,1,2,0,1,2,2
"MEGHALAYA","CAUSING DEATH BY NEGLIGENCE",0,12,41,51,61,68,68,64,72,53,90,102
"MIZORAM","CAUSING DEATH BY NEGLIGENCE",23,13,11,0,4,26,34,53,36,44,37,34
"NAGALAND","CAUSING DEATH BY NEGLIGENCE",19,24,41,34,37,28,43,44,34,22,15,31
"ODISHA","CAUSING DEATH BY NEGLIGENCE",1589,2672,2497,2652,3034,2945,3771,3535,2979,3450,3778,3605
"PUNJAB","CAUSING DEATH BY NEGLIGENCE",2154,2310,2226,2181,2283,2919,2801,2845,3289,3350,3576,3405
"RAJASTHAN","CAUSING DEATH BY NEGLIGENCE",4221,4670,5074,5579,5872,6234,7096,7322,7898,7978,8122,8284
"SIKKIM","CAUSING DEATH BY NEGLIGENCE",7,7,18,29,53,39,34,40,59,47,57,32
"TAMIL NADU","CAUSING DEATH BY NEGLIGENCE",8550,10125,9112,9152,8902,10792,11485,12328,13528,14644,16076,15499
"TRIPURA","CAUSING DEATH BY NEGLIGENCE",31,46,109,85,188,199,203,195,225,237,14,10
"UTTAR PRADESH","CAUSING DEATH BY NEGLIGENCE",7129,7313,4428,7136,7406,7235,7655,10102,12159,14472,14380,14406
"UTTARAKHAND","CAUSING DEATH BY NEGLIGENCE",441,440,362,464,462,524,608,590,685,738,696,670
"WEST BENGAL","CAUSING DEATH BY NEGLIGENCE",2281,2703,2300,2995,2737,3039,3803,3789,3623,2847,3249,4385
"TOTAL (STATES)","CAUSING DEATH BY NEGLIGENCE",56578,63431,60073,68770,70787,77879,86208,91189,97387,105114,107399,106345
"A & N ISLANDS","CAUSING DEATH BY NEGLIGENCE",0,0,0,6,3,2,4,4,2,9,6,6
"CHANDIGARH","CAUSING DEATH BY NEGLIGENCE",6,7,8,5,9,14,15,11,7,6,7,3
"D & N HAVELI","CAUSING DEATH BY NEGLIGENCE",0,0,1,8,17,16,12,10,17,20,24,23
"DAMAN & DIU","CAUSING DEATH BY NEGLIGENCE",0,0,6,25,24,26,32,39,40,38,43,38
"DELHI","CAUSING DEATH BY NEGLIGENCE",432,416,402,433,634,367,252,726,846,914,1168,913
"LAKSHADWEEP","CAUSING DEATH BY NEGLIGENCE",0,0,0,0,0,0,0,0,0,0,0,0
"PUDUCHERRY","CAUSING DEATH BY NEGLIGENCE",166,190,182,176,224,209,267,207,233,242,243,263
"TOTAL (UTs)","CAUSING DEATH BY NEGLIGENCE",604,613,599,653,911,634,582,997,1145,1229,1491,1246
"TOTAL (ALL-INDIA)","CAUSING DEATH BY NEGLIGENCE",57182,64044,60672,69423,71698,78513,86790,92186,98532,106343,108890,107591
"ANDHRA PRADESH","OTHER IPC CRIMES",34344,36385,39242,36460,37707,43722,43586,43929,48087,41373,38392,39025
"ARUNACHAL PRADESH","OTHER IPC CRIMES",618,684,585,717,562,565,555,590,619,622,622,657
"ASSAM","OTHER IPC CRIMES",9315,8575,9227,10040,11299,10444,12183,17598,17973,22110,25513,27077
"BIHAR","OTHER IPC CRIMES",36667,39145,37503,44178,40057,39941,44931,54370,54165,56508,55705,35421
"CHHATTISGARH","OTHER IPC CRIMES",15790,17576,19315,20143,20959,19246,19505,21074,20546,23091,25223,23387
"GOA","OTHER IPC CRIMES",697,780,739,646,641,698,934,886,884,927,1001,1115
"GUJARAT","OTHER IPC CRIMES",50719,50612,46879,49897,60882,66802,68332,65525,60758,63788,69788,75702
"HARYANA","OTHER IPC CRIMES",15906,16854,16654,16109,15879,19014,19159,21460,21804,20060,20549,21396
"HIMACHAL PRADESH","OTHER IPC CRIMES",6052,6921,6937,7015,7165,7760,7937,7837,7555,7020,8102,6877
"JAMMU & KASHMIR","OTHER IPC CRIMES",9046,9390,10424,10677,10040,10886,11535,10734,11059,11869,13257,14004
"JHARKHAND","OTHER IPC CRIMES",8777,12969,12902,12969,12550,13667,13897,14843,11430,13477,11940,14818
"KARNATAKA","OTHER IPC CRIMES",47301,50508,52143,52518,54239,56815,60853,61755,61108,65123,60505,58468
"KERALA","OTHER IPC CRIMES",54544,55094,53487,54106,57530,56777,57681,59061,68688,98668,112665,101582
"MADHYA PRADESH","OTHER IPC CRIMES",85143,94923,97751,96911,91951,95959,98007,100513,101367,107390,112082,114585
"MAHARASHTRA","OTHER IPC CRIMES",42963,42643,42491,44420,47386,49834,50159,50183,48460,49739,45114,46668
"MANIPUR","OTHER IPC CRIMES",1097,1074,1120,999,1234,1207,1074,1038,861,932,1015,1086
"MEGHALAYA","OTHER IPC CRIMES",511,419,355,439,381,438,438,480,680,666,701,761
"MIZORAM","OTHER IPC CRIMES",499,864,1132,320,558,454,330,378,407,355,279,336
"NAGALAND","OTHER IPC CRIMES",363,292,234,239,252,201,242,192,235,242,292,266
"ODISHA","OTHER IPC CRIMES",20810,20755,20602,21058,20182,21375,19870,18916,20560,19366,20509,22203
"PUNJAB","OTHER IPC CRIMES",9204,9713,9316,7637,8438,9524,10517,10122,10080,10896,10175,10405
"RAJASTHAN","OTHER IPC CRIMES",62347,63787,62592,67767,61549,61379,63846,63924,70089,67221,70250,70240
"SIKKIM","OTHER IPC CRIMES",166,170,157,196,67,214,192,215,225,200,177,58
"TAMIL NADU","OTHER IPC CRIMES",76468,88680,77784,88439,86494,94131,110748,107084,106215,110733,115163,124176
"TRIPURA","OTHER IPC CRIMES",855,849,940,868,811,1091,1241,1327,1324,1356,1640,1742
"UTTAR PRADESH","OTHER IPC CRIMES",57839,48569,29449,40711,37158,41536,51914,60242,60918,61500,68575,68538
"UTTARAKHAND","OTHER IPC CRIMES",2227,2295,2353,2319,2078,1935,2686,2280,1868,2101,2078,2118
"WEST BENGAL","OTHER IPC CRIMES",25260,25189,24553,27426,25444,23274,27903,38177,38776,49096,56614,64482
"TOTAL (STATES)","OTHER IPC CRIMES",675528,705715,676866,715224,713493,748889,800255,834733,846741,906429,947926,947193
"A & N ISLANDS","OTHER IPC CRIMES",323,328,318,387,362,322,337,383,451,489,392,351
"CHANDIGARH","OTHER IPC CRIMES",914,1111,779,720,969,983,999,1040,976,1036,1036,1042
"D & N HAVELI","OTHER IPC CRIMES",183,142,129,193,195,172,161,154,151,133,134,112
"DAMAN & DIU","OTHER IPC CRIMES",73,78,84,51,58,48,37,36,78,37,35,46
"DELHI","OTHER IPC CRIMES",22000,20876,20045,22048,24299,26805,24854,17896,14808,14055,14363,15408
"LAKSHADWEEP","OTHER IPC CRIMES",17,5,6,18,22,37,26,53,58,26,27,32
"PUDUCHERRY","OTHER IPC CRIMES",2324,2042,2185,2390,2579,2441,2537,2668,2278,1867,2119,2060
"TOTAL (UTs)","OTHER IPC CRIMES",25834,24582,23546,25807,28484,30808,28951,22230,18800,17643,18106,19051
"TOTAL (ALL-INDIA)","OTHER IPC CRIMES",701362,730297,700412,741031,741977,779697,829206,856963,865541,924072,966032,966244
"ANDHRA PRADESH","TOTAL IPC CRIMES",130089,143610,156951,158756,157123,173909,175087,179275,180441,181438,189780,192522
"ARUNACHAL PRADESH","TOTAL IPC CRIMES",2342,2228,2061,2256,2304,2294,2286,2374,2362,2439,2286,2420
"ASSAM","TOTAL IPC CRIMES",36877,36346,38195,40675,42006,43673,45282,53333,55313,61668,66714,77682
"BIHAR","TOTAL IPC CRIMES",88432,94040,92263,108060,97850,100665,109420,122669,122931,127453,135896,146614
"CHHATTISGARH","TOTAL IPC CRIMES",38460,37950,38449,41927,43633,45177,45845,51442,51370,54958,57218,54598
"GOA","TOTAL IPC CRIMES",2341,2440,2244,2127,2119,2204,2479,2742,3005,3293,3449,3608
"GUJARAT","TOTAL IPC CRIMES",103419,106675,103709,105469,113414,120972,123195,123808,115183,116439,123371,130121
"HARYANA","TOTAL IPC CRIMES",38759,40152,38612,39096,42664,50509,51597,55344,56229,59120,60741,62480
"HIMACHAL PRADESH","TOTAL IPC CRIMES",11499,12243,12011,12326,12345,13093,14222,13976,13315,13049,14312,12557
"JAMMU & KASHMIR","TOTAL IPC CRIMES",19505,19967,21233,21191,20115,20787,21443,20604,21975,23223,24504,24608
"JHARKHAND","TOTAL IPC CRIMES",25447,31439,32203,31439,35175,36364,38489,38686,37436,38889,35838,40946
"KARNATAKA","TOTAL IPC CRIMES",109098,113699,112405,114440,117580,117710,120606,127540,134042,142322,137600,134021
"KERALA","TOTAL IPC CRIMES",103847,104200,98824,104025,104350,105255,108530,110620,118369,148313,172137,158989
"MADHYA PRADESH","TOTAL IPC CRIMES",181741,191799,191078,196867,189172,194711,202386,206556,207762,214269,217094,220335
"MAHARASHTRA","TOTAL IPC CRIMES",171233,165462,164306,176302,187027,191788,195707,206243,199598,208168,204902,202700
"MANIPUR","TOTAL IPC CRIMES",2489,2584,2537,2535,2913,2884,3259,3349,2852,2715,3218,3737
"MEGHALAYA","TOTAL IPC CRIMES",1687,1664,1669,1757,1880,1935,2079,2318,2448,2505,2755,2557
"MIZORAM","TOTAL IPC CRIMES",2246,2820,3456,1515,2156,2073,2083,1989,2047,2174,1821,1766
"NAGALAND","TOTAL IPC CRIMES",1234,1114,976,984,1049,1103,1180,1202,1059,1059,1083,1090
"ODISHA","TOTAL IPC CRIMES",46661,47728,47281,48739,51685,52792,54872,56755,55740,56459,61277,67957
"PUNJAB","TOTAL IPC CRIMES",27774,28794,28756,25630,27136,32068,35793,35314,35545,36648,34883,35790
"RAJASTHAN","TOTAL IPC CRIMES",155185,151248,145579,154859,140917,141992,148870,151174,166565,162957,165622,170948
"SIKKIM","TOTAL IPC CRIMES",444,485,443,631,552,703,667,730,669,552,596,528
"TAMIL NADU","TOTAL IPC CRIMES",154801,166942,157186,166606,162360,148972,172754,176833,174691,185678,192879,200474
"TRIPURA","TOTAL IPC CRIMES",2801,3075,3514,3081,3356,3940,4273,5336,5486,5805,5803,6264
"UTTAR PRADESH","TOTAL IPC CRIMES",178129,146037,95073,130181,122108,127001,150258,168996,172884,174179,195135,198093
"UTTARAKHAND","TOTAL IPC CRIMES",8073,7976,7923,8634,8033,8412,9599,8856,8802,9240,8774,8882
"WEST BENGAL","TOTAL IPC CRIMES",61563,58962,61174,69350,66406,68052,81102,105419,113036,129616,143197,161427
"TOTAL (STATES)","TOTAL IPC CRIMES",1706176,1721679,1660111,1769458,1757428,1811038,1923363,2033483,2061155,2164628,2262885,2323714
"A & N ISLANDS","TOTAL IPC CRIMES",658,608,644,748,682,676,807,882,941,980,793,683
"CHANDIGARH","TOTAL IPC CRIMES",3397,3806,2806,2889,3133,3126,3643,3931,3555,3373,3542,3606
"D & N HAVELI","TOTAL IPC CRIMES",350,349,338,409,434,435,425,401,442,378,372,318
"DAMAN & DIU","TOTAL IPC CRIMES",239,261,269,198,243,288,260,248,276,203,224,239
"DELHI","TOTAL IPC CRIMES",54384,49137,47404,53623,56065,57963,56065,49350,50251,51292,53353,54287
"LAKSHADWEEP","TOTAL IPC CRIMES",36,53,31,70,42,80,56,95,134,42,44,60
"PUDUCHERRY","TOTAL IPC CRIMES",4068,4437,4517,4620,4575,4687,5054,4989,4591,3935,4362,4281
"TOTAL (UTs)","TOTAL IPC CRIMES",63132,58651,56009,62557,65174,67255,66310,59896,60190,60203,62690,63474
"TOTAL (ALL-INDIA)","TOTAL IPC CRIMES",1769308,1780330,1716120,1832015,1822602,1878293,1989673,2093379,2121345,2224831,2325575,2387188
